Radial Velocity,326.03,1.29,19.4,110.62,2.7,,
Radial Velocity,516.22,1.54,10.5,119.47,1.8,,
Radial Velocity,185.84,0.83,4.8,76.39,2.2,,
Radial Velocity,1773.4,2.77,4.64,18.15,0.9,,
Radial Velocity,798.5,1.681,1.68,21.41,0.99,,
Radial Velocity,993.3,2.6,10.3,73.1,2.3,,
Imaging,,330,8,145,0.85,,
Radial Velocity,452.8,1.333,1.99,74.79,1.54,,
Radial Velocity,883,2.08,0.86,74.79,1.54,,
Imaging,,52,24.5,36,0.4,,
Imaging,,156,13.9,39.4,0.11,1.44,
Imaging,,15,7.5,140,0.02,,
Imaging,,46,4,52.4,0.02,,
Eclipse Timing Variations,416,0.92,1.9,,0.48,,
Imaging,7336.5,,20.95,25,0.08,0.92,
Radial Velocity,335.1,0.995,9.88,39.43,1.16,,
Radial Velocity,269.3,0.87,7.1,77.4,1.23,,
Radial Velocity,479.1,1.19,3.88,97.28,0.98,,
Radial Velocity,1078,2.1,2.53,14.08,1.03,,
Radial Velocity,2391,3.6,0.54,14.08,1.03,,
Radial Velocity,14002,11.6,1.64,14.08,1.03,,
Imaging,,13.2,2,29.4,1.75,,
Radial Velocity,4.230785,0.0527,0.472,15.36,1.12,,
Radial Velocity,14.65152,0.115227,0.8306,12.53,0.91,,
Radial Velocity,44.4175,0.241376,0.1714,12.53,0.91,,
Radial Velocity,4825,5.503,3.878,12.53,0.91,,
Radial Velocity,0.7365515,0.015691,0.02561,12.53,0.91,,
Radial Velocity,262,0.788,0.141,12.53,0.91,,
Radial Velocity,874.774,2.18,2.21,56.95,1.7,,
Radial Velocity,4.215,0.050201,0.016,8.52,0.94,,
Radial Velocity,38.021,0.2175,0.057,8.52,0.94,,
Radial Velocity,123.01,0.476,0.072,8.52,0.94,,
Radial Velocity,796,1.93,2.46,19.84,1.52,,
Radial Velocity,116.6926,0.481,7.4,18.11,1.09,,
Radial Velocity,691.9,2.1,3,81.5,2.49,,
Radial Velocity,93.4,0.49,1.5,159.1,1.8,,
Radial Velocity,952.7,2.5,5.3,97.18,2.4,,
Radial Velocity,181.4,0.7,3.2,45.52,1.4,,
Imaging,,260,13.5,45.52,,,
Radial Velocity,268.94,0.777,1.47,50.03,0.86,,
Radial Velocity,137.48,0.539,1.11,175.44,1.1,,
Radial Velocity,7.78287,0.066,6.37,25.4,0.63,,
Radial Velocity,379.63,1.45,21.42,,2.8,,
Radial Velocity,621.99,2.01,12.47,,2.8,,
Radial Velocity,578.2,1.3,4.2,,0.8,,
Radial Velocity,392.6,1,0.91,,0.74,,
Radial Velocity,2590,4.2,1.6,,1.52,,
Radial Velocity,3.8728,0.0428,0.027,20.1,0.7,,
Radial Velocity,125.94,0.435,0.17,20.1,0.7,,
Radial Velocity,5.6,0.056,0.045,42.09,0.74,,
Radial Velocity,237.6,0.68,0.33,42.09,0.74,,
Radial Velocity,3.48777,0.0452,0.458,80,1.01,,
Radial Velocity,1667,2.28,0.53,27.3,0.57,,
Radial Velocity,714.3,2.1,10.6,766,2.4,,
Radial Velocity,655.6,1.34,5.1,37.54,0.74,,
Imaging,10037.5,2.6,10.5,23.1,0.02,,
Imaging,,210,12.569,,0.35,,
Imaging,,440,17,165,,2.2,
Transit,1.5089557,,1.03,,0.95,1.49,0.38
Transit,13.2406,0.1055,2.75,345,0.89,0.97,3.7
Transit,2.99433,0.0436,2.33,560,1.27,1.43,0.99
Transit,2.828042,0.04016,0.917,1150,1.08,1.44,0.411
Transit,4.03519,0.051,1.308,1060,1.09,0.885,2.34
Transit,1.51214,0.027,7.6,1340,1.13,1.09,7.3
Transit,5.35227,0.0618,0.535,840,1.1,1.17,0.44
Transit,3.7681,0.0461,2.43,920,1.04,1.02,2.82
Transit,1.9000693,0.0295,3.47,870,0.95,1.31,2.2
Transit,3.89713,0.0518,1.11,770,1.21,1.29,0.71
Transit,1.7429935,0.02798,3.47,200,0.96,1.466,1.47
Transit,9.24285,0.0902,4.24,1230,1.14,0.84,8.87
Transit,9.75598,0.092,0.038,592,1.1,0.435,0.249
Transit,3.6313,0.048,2.8,600,1.14,1.05,3
Transit,5.1134,0.056,0.018,600,0.91,0.33,0.9
Transit,11.759,0.098,0.088,600,0.91,0.44,1.3
Transit,4.86069,0.0578,0.27,1000,1.09,1.08,0.15
Transit,4.20474,0.0526,0.52,1670,1.09,1.26,0.28
Transit,3.57532,0.0476,10.39,,1.05,1.007,12.6
Transit,5.20851,0.0603,0.484,560,1.01,0.955,0.69
Transit,2.85057,0.0386,0.85,765,0.97,0.9,1.45
Transit,4.2568,,21.66,680,1.37,1.01,26.4
Transit,9.20205,0.09,0.72,,1.16,1.19,0.525
Transit,4.0378962,0.04947,0.467,,1,1.388,0.217
Transit,8.886593,0.0855,2.96,,1.05,1.166,2.32
Transit,0.85359159,0.017016,0.018,153.7,0.91,0.141,7.5
Radial Velocity,3.698,0.046,0.02643,153.7,0.91,,
Transit,6.21229,0.063,0.22,380,0.88,0.57,1.6
Transit,95.2738,0.407,0.84,460,0.99,1.05,0.9
Astrometry,246.36,0.36,28.5,20.77,0.07,,
Imaging,,330,11,140,0.33,,
Eclipse Timing Variations,10220,8.19,6.05,,0.69,,
Imaging,,800,15.711,,,,
Imaging,555530,160,,7.69,2,,
Transit,1.62893,,0.0051,12.04,0.18,0.103,6
Transit,1.58040482,,0.02,,0.16,0.203,3.03
Radial Velocity,11.4433,0.0717,0.017,3.57,0.38,,
Radial Velocity,8.631,0.061,0.035,14.97,0.4,,
Radial Velocity,25.6,0.13,0.024,14.97,0.4,,
Radial Velocity,603,1,0.079,14.97,0.4,,
Radial Velocity,2288,2.41,0.82,12.12,0.36,,
Radial Velocity,133.71,0.49,3.37,17.62,0.9,,
Radial Velocity,692,1.15,2.5,15.1,0.42,,
Radial Velocity,4100,4.5,2.3,20.03,0.69,,
Radial Velocity,30.6,0.1434,0.081,,0.42,,
Radial Velocity,123.75,0.364,0.081,,0.42,,
Radial Velocity,14.207,0.089,0.0208,,0.47,,
Radial Velocity,3.3366487,0.031,0.043,25.2,0.51,0.346,1.18
Radial Velocity,2.64561,0.0287,0.026,19.8,0.45,,
Radial Velocity,7.3709,0.058,0.018,9.04,0.48,,
Radial Velocity,2.64388312,0.0291,0.07,10.23,0.47,0.372,1.8
Imaging,,43.5,4,17.95,1.22,,
Radial Velocity,5.3686,0.04061,0.0497,6.27,0.31,,
Radial Velocity,12.914,0.0721,0.0173,6.27,0.31,,
Radial Velocity,3.149,0.02815,0.0053,6.27,0.31,,
Radial Velocity,598.3,1.135,0.328,10.32,0.54,,
Radial Velocity,7.2004,0.0505,0.018,6.8,0.33,,
Radial Velocity,28.14,0.125,0.012,6.8,0.33,,
Radial Velocity,62.24,0.213,0.008,6.8,0.33,,
Radial Velocity,39.026,0.156,0.008,6.8,0.33,,
Radial Velocity,256.2,0.549,0.014,6.8,0.33,,
Radial Velocity,4.6938,0.039,0.035,4.54,0.35,,
Radial Velocity,1050.3,1.8,4.95,16.13,0.71,,
Radial Velocity,3.6,0.0413,0.014,16.13,0.71,,
Radial Velocity,35.37,0.187,0.036,16.13,0.71,,
Radial Velocity,38.14,0.16353,0.058,4.53,0.41,,
Radial Velocity,3657,3.56,0.68,4.94,0.45,,
Radial Velocity,35.68,0.163,0.017,4.94,0.45,,
Radial Velocity,1845,2.32,0.91,8.77,0.49,,
Radial Velocity,15.76491,0.113,3.91,10.91,0.77,,
Radial Velocity,61.1166,0.208317,2.2756,4.7,0.33,,
Radial Velocity,30.0881,0.12959,0.7142,4.7,0.33,,
Radial Velocity,1.93778,0.020807,0.021,4.7,0.33,,
Radial Velocity,124.26,0.3343,0.046,4.7,0.33,,
Imaging,,100,20,139,0.7,3,
Imaging,,320,16,145,0.9,,
Imaging,,2000,11.3,48,0.33,1.265,
Transit,4.46529976,0.05561,0.525,139,1.15,1.319,0.282
Transit,4.8878162,0.053,0.081,38,0.81,0.422,1.33
Transit,3.2130598,0.0384,0.211,142.5,0.73,0.959,0.3192
Transit,2.91625,,0.851,214,1.22,1.272,
Radial Velocity,446.27,,14.28,214,1.22,,
Transit,4.627669,0.0606,2.232,205,1.39,1.15,1.82
Transit,10.863502,0.0964,1.946,190,1.01,1.072,1.96
Transit,2.77596,0.0413,4.193,235,1.22,1.289,2.42
Transit,10.338523,0.0882,0.534,90,0.86,1.01,0.64
Radial Velocity,5584,5.6,3.4,90,0.86,,
Transit,5.508023,0.0559,0.197,166,0.77,0.995,0.25
Transit,4.008778,0.0466,0.292,215,0.84,1.132,0.25
Transit,5.6334729,0.06878,9.09,135.32,1.36,1.157,7.29
Transit,2.875317,0.0361,7.246,70,0.76,0.867,13.78
Transit,4.124481,0.0494,4.063,254,0.95,1.024,4.68
Transit,3.21222,0.0414,2.147,82,0.92,1.08,2.11
Transit,1.21288287,0.02302,2.07,393,1.1,1.224,1.406
Transit,3.35524,0.0465,0.685,396,1.19,1.242,0.44
Transit,3.652836,0.0466,0.567,297,1.01,1.19,0.42
Transit,4.234516,0.0479,0.059,134,0.82,0.565,0.4
Transit,3.039577,0.04,0.62,204,0.94,1.02,
Transit,3.257215,0.0434,0.626,395,1.02,1.212,0.44
Transit,5.723186,0.0667,0.778,322,1.21,1.107,0.71
Transit,2.899736,0.03866,0.591,138,0.92,0.827,1.29
Transit,2.810595,0.0419,0.711,193,1.24,1.34,0.37
Transit,5.005425,0.055,2.171,354,1.22,1.07,2.18
Transit,2.15000805,0.0343,,283,,1.789,
Transit,3.474474,0.0499,0.762,387,1.38,1.686,0.2
Transit,5.452654,0.0677,3.328,257,1.39,1.197,2.4
Transit,3.646706,0.0498,1.054,535,1.24,1.332,0.55
Transit,1.327347,0.0238,1.832,317,1.02,1.264,1.12
Transit,2.797436,0.0379,1.169,411,0.93,1.178,0.89
Transit,4.640382,0.0523,0.267,249,0.89,0.825,0.59
Transit,3.54387,0.0509,0.599,642,1.4,1.571,0.19
Transit,3.056536,0.04438,0.671,314,1.26,1.274,0.403
Transit,4.457243,0.0608,0.615,501,1.51,1.73,0.15
Transit,2.694047,0.0426,0.8,344,1.42,1.685,0.2
Transit,4.641878,0.0575,1.044,447,1.18,1.28,0.61
Transit,3.332687,0.0443,0.662,542,1.05,1.281,0.39
Transit,4.301219,0.0507,0.352,363,0.94,1.242,0.23
Radial Velocity,872.2,1.752,4,363,0.94,,
Transit,3.128992,0.0452,0.892,305,1.26,1.426,0.38
Transit,4.463129,0.0577,0.493,296,1.28,1.284,0.28
Transit,2.691548,0.0438,1.73,322,1.54,1.413,0.75
Transit,2.788491,0.04075,1.06,342,1.16,1.26,0.66
Transit,3.1220109,0.0453,1.35,497,1.27,1.288,0.78
Transit,4.2180278,0.05069,0.309,470,0.98,1.293,0.178
Transit,2.7535953,0.03694,0.818,385,0.89,1.009,0.98
Transit,1.9616241,0.03159,1.484,719,1.09,1.318,0.8
Transit,3.799847,0.04117,0.76,135.8,0.65,0.944,1.118
Transit,3.5852467,0.04604,0.582,480,1.01,1.182,0.435
Transit,2.7908327,0.0423,2.18,310.5,1.3,1.466,0.86
Transit,2.465295,0.0406,1.85,303,1.47,1.413,
Transit,3.852985,0.05235,1.057,261,1.29,1.33,0.558
Transit,2.2047354,0.0355,1.781,320,1.47,1.419,0.8
Transit,3.0763776,0.0487,1.52,230,1.28,1.5,0.568
Transit,3.92289,0.053,0.78,480,1.28,1.4,0.35
Transit,3.446459,0.0444,1.855,303,0.99,1.302,1.03
Transit,3.312846,0.04491,0.526,496,1.1,0.969,0.7
Transit,3.0440499,0.04057,0.543,476,0.96,1.212,0.377
Transit,2.7667641,0.03815,1.071,513,0.97,1.039,1.191
Transit,1.354133,0.023,1.345,360,0.88,1.168,1.05
Transit,3.547851,0.0485,1.071,453,1.21,1.381,0.51
Transit,2.516729,0.0362,1.323,420,1,1.02,1.55
Transit,4.763387,0.0542,0.237,257,0.94,0.912,0.39
Transit,3.3252725,0.03623,0.319,148.4,0.57,0.998,0.399
Transit,3.583893,0.04667,0.138,829,1.06,0.873,0.259
Transit,1.9153073,0.03048,0.837,622,1.03,1.065,0.85
Imaging,,53,,97,2.4,6.9,
Radial Velocity,157.57,0.76,1.7,140.85,,,
Radial Velocity,383.7,1.03,1.16,52.8,1.01,,
Radial Velocity,5.75969,0.06412,0.0416,39.02,1.06,,
Radial Velocity,16.357,0.12859,0.0378,39.02,1.06,,
Radial Velocity,49.748,0.2699,0.0805,39.02,1.06,,
Radial Velocity,122.744,0.4929,0.0722,39.02,1.06,,
Radial Velocity,604.67,1.427,0.0732,39.02,1.06,,
Radial Velocity,2205,3.381,0.2066,39.02,1.06,,
Radial Velocity,70.46,0.302,0.3,30.5,,,
Radial Velocity,20.8133,0.1532,0.172,42,,,
Radial Velocity,4.113775,,0.45,28.98,,,
Radial Velocity,127.58,0.614,5.9,164.2,,,
Radial Velocity,778.1,2.03,5.9,138.5,,,
Radial Velocity,122.1,0.46,0.05,9.24,,,
Radial Velocity,6.495,0.081,0.96,121.07,1.68,,
Radial Velocity,47.84,0.249,0.098,49.33,0.9,,
Radial Velocity,4.5557,0.0498,0.62,41.6,0.79,,
Radial Velocity,5.8881,0.07,0.367,53.08,1.33,,
Radial Velocity,55.806,0.2643,0.186,20.82,,,
Radial Velocity,1043,2.335,2.1,,1.56,,
Radial Velocity,199.505,0.95,8.3,102.04,,,
Radial Velocity,1531,2.611,6.92,37.44,,,
Radial Velocity,2890,4.3,11,87.87,,,
Radial Velocity,989.2,2.015,0.94,17.35,1.11,,
Radial Velocity,3630,4.59,9.61,36.36,0.97,,
Imaging,,650,11,91.83,1.5,,
Radial Velocity,1075.2,2.131,6.21,32.56,,,
Radial Velocity,48.056,0.269,0.21,51.26,,,
Radial Velocity,10.8985,0.102,0.261,38.56,,,
Radial Velocity,1129,2,3.5,49.4,0.84,,
Radial Velocity,443.4,1.4,2.6,138.5,,,
Radial Velocity,395.8,1.038,1.29,68.54,,,
Radial Velocity,1624,2.659,0.99,68.54,,,
Radial Velocity,68.27,0.33,0.77,65.62,,,
Radial Velocity,7.8543,0.079,0.054,56.92,1.05,,
Radial Velocity,30.93,0.196,0.076,56.92,1.05,,
Radial Velocity,5.24,0.0635,0.28,59.03,1.2,,
Radial Velocity,835.477,2.14,11.09,97.66,,,
Radial Velocity,1143,1.97,6.8,28.88,0.78,,
Radial Velocity,324,0.92,2.83,37.42,1.4,,
Radial Velocity,663.2,1.24,0.36,15.9,0.58,,
Radial Velocity,1818,2.44,0.93,15.9,0.58,,
Radial Velocity,937.7,1.65,1.24,28.04,0.68,,
Radial Velocity,3827,5.16,0.48,20.48,1.36,,
Radial Velocity,1114,2.11,0.95,35,,,
Radial Velocity,83.888,0.363,11.68,40.57,,,
Radial Velocity,493.7,1.16,1.1,20.43,,,
Radial Velocity,1627.5,2.708,4.21,51.7,1.24,,
Radial Velocity,223.6,0.721,0.36,51.7,1.24,,
Radial Velocity,670,1.78,2.1,110.62,,,
Radial Velocity,2597,3.79,1.88,33.01,,,
Radial Velocity,433.7,1.08,6.5,231.5,0.9,,
Radial Velocity,25.827,0.176,0.178,38.02,,,
Radial Velocity,6.1335,0.07,2.13,88.57,,,
Radial Velocity,1945,3.16,0.622,33.98,,,
Radial Velocity,37.91,0.229,0.0788,33.98,,,
Radial Velocity,711,1.93,6.54,66.49,,,
Radial Velocity,2082,4.3,4.5,97.66,2.39,,
Radial Velocity,63.33,0.33,1.22,44.37,1.18,,
Radial Velocity,9.6737,0.0809,0.041,27.45,,,
Radial Velocity,559.4,1.37,3,52.83,1.09,,
Radial Velocity,4.1547,0.05,0.058,52.83,1.09,,
Radial Velocity,3008,4.2,7.2,52.83,1.09,,
Radial Velocity,133.6,0.54,2.9,158.4,1.2,,
Radial Velocity,262.709,0.831,2.3,37.16,,,
Radial Velocity,1708,2.9,1.92,37.16,,,
Radial Velocity,1244,2.35,0.38,68.35,1.15,,
Radial Velocity,453.019,1.084,1.769,,0.83,,
Radial Velocity,921.538,1.74,3.789,,0.83,,
Radial Velocity,1840,2.9,1.6,67.61,,,
Radial Velocity,10.70871,0.0925,1.15,29.76,0.92,,
Radial Velocity,883,2.09,2.2,121.36,,,
Radial Velocity,1951,3.17,18.15,57.21,1.1,,
Radial Velocity,471.6,1.85,14,300.3,,,
Radial Velocity,974,1.98,5.61,70.97,,,
Radial Velocity,1544,2.62,1.49,98.52,,,
Radial Velocity,258.19,0.81,1.59,25.65,,,
Radial Velocity,5000,5.8,0.82,25.65,,,
Radial Velocity,464.3,1.32,2,106.38,1.33,,
Radial Velocity,330,0.89,0.223,38.45,0.86,,
Radial Velocity,19.382,0.154,0.865,66.89,1.29,,
Radial Velocity,931,2.03,5.13,66.89,1.29,,
Radial Velocity,4218,5.15,1.88,45.52,1.02,,
Radial Velocity,1125.7,2.36,9.76,121.36,1.35,,
Radial Velocity,1455,3.4,7.8,163.4,2.4,,
Radial Velocity,653.22,1.52,9.7,33.46,,,
Radial Velocity,349.7,1.02,1.25,25.64,1.23,,
Radial Velocity,6005,6.8,5.3,25.64,1.23,,
Radial Velocity,1928,3.03,5.1,35.87,,,
Radial Velocity,1299,2.77,1.9,106.38,,,
Radial Velocity,386.3,1.05,1.62,34.57,1.03,,
Radial Velocity,1057,2,3.12,59.35,,,
Radial Velocity,103.95,0.45,5.76,55.19,1.12,,
Radial Velocity,176.3,0.76,2.9,126.1,1.9,,
Radial Velocity,2730,4.6,2.28,,1.75,,
Radial Velocity,5.77152,0.0634,0.02026,23.44,1.02,,
Radial Velocity,13.5052,0.1117,0.01759,23.44,1.02,,
Radial Velocity,44.236,0.2388,2.12,42.68,,,
Radial Velocity,1008,1.922,6.56,42.68,,,
Radial Velocity,528.4,1.32,1.21,12.87,1.11,,
Radial Velocity,1027,2.45,0.85,53.05,1.22,,
Radial Velocity,331.5,0.93,0.96,59.28,,,
Radial Velocity,2.8758911,,0.368,78.86,1.34,0.813,0.85
Radial Velocity,4.072,0.053,1.33,63.49,1.21,,
Radial Velocity,431.8,1.31,3.1,167.5,,,
Radial Velocity,5894,6.7,2.71,27.23,1.17,,
Radial Velocity,2097,3.2,3,85.18,,,
Radial Velocity,689,1.48,1.5,182.82,,,
Radial Velocity,499.4,1.28,2.73,51.87,1.12,,
Radial Velocity,3342,4.19,0.947,18.06,,,
Radial Velocity,163.9,0.6,5.02,65.79,,,
Radial Velocity,408.6,1.291,2.24,68.54,1.72,,
Radial Velocity,3452,5.36,2.58,68.54,1.72,,
Radial Velocity,885,2.07,2,75.1,1.5,,
Radial Velocity,194.3,0.64,0.85,43.4,,,
Radial Velocity,391.9,1.02,0.82,43.4,,,
Radial Velocity,131.05,0.495,9.71,35.37,,,
Radial Velocity,842.2,1.88,0.74,55.1,1.25,,
Radial Velocity,4.6455,0.05,0.013,24.05,,,
Radial Velocity,359.5546,1.096,10.57,49,,,
Radial Velocity,521,1.52,1.8,114.15,,,
Radial Velocity,12.62,0.11,1.13,68.59,1.12,,
Radial Velocity,248.4,0.8,1.9,68.59,1.12,,
Radial Velocity,1178.4,2.25,2.1,52.72,,,
Radial Velocity,352.3,1,0.73,52.72,,,
Radial Velocity,577.9,1.48,0.96,84.6,1.31,,
Radial Velocity,2111,3.52,3.48,84.6,1.31,,
Radial Velocity,643.25,1.497,1.08,15.28,1.08,,
Radial Velocity,4205.8,5.235,1.814,15.28,1.08,,
Radial Velocity,9.6386,0.09094,0.03321,15.28,1.08,,
Radial Velocity,310.55,0.921,0.5219,15.28,1.08,,
Radial Velocity,75.523,0.363,0.26,35.91,,,
Radial Velocity,990,2.1,4.4,59.84,1.29,,
Radial Velocity,8.428198,0.074,14.4,31.26,,,
Radial Velocity,75.29,0.36,0.77,69.44,1.09,,
Radial Velocity,1314,2.42,2.29,69.44,1.09,,
Radial Velocity,17.24,0.14,0.0696,25.54,,,
Radial Velocity,282.4,0.875,0.48,51.81,1.13,,
Radial Velocity,40,0.23,0.05078,28.93,0.99,,
Radial Velocity,606.4,1.3,2.7,37.98,,,
Radial Velocity,1155,2.11,0.36,21.92,,,
Radial Velocity,270,0.94,6.43,110.62,1.5,,
Radial Velocity,5144,5.42,3.53,42.99,0.81,,
Radial Velocity,420.77,1.32,1.7,50,1.5,,
Radial Velocity,58.11247,0.2931,7.659,37.88,0.99,,
Radial Velocity,1749.83,2.8373,17.193,37.88,0.99,,
Radial Velocity,6.404,0.0659,0.248,43.12,0.93,,
Radial Velocity,533,1.3,6.1,7.01,,,
Radial Velocity,225.62,0.81,2.88,36.32,1.4,,
Radial Velocity,2102,3.6,4.04,36.32,1.4,,
Radial Velocity,1145,2.1,0.67,64.98,1.14,,
Radial Velocity,359.9,,4.6,,2.3,,
Radial Velocity,550,1.32,1.98,90,0.99,,
Radial Velocity,1523,2.54,2.6,44.05,0.94,,
Radial Velocity,21.21663,0.1614,3.22,75,1.24,1.02,3.78
Radial Velocity,323.6,1.16,2.7,134.95,2,,
Radial Velocity,1290,2.4,7.8,67.02,,,
Radial Velocity,297.3,1.03,0.61,127.55,1.65,,
Radial Velocity,29.01,,0.02825,45.27,0.71,,
Radial Velocity,406.6,1.2218,1.49,59.03,1.47,,
Radial Velocity,110.9,0.5137,0.15,59.03,1.47,,
Radial Velocity,71.484,0.339,7.03,46.73,,,
Radial Velocity,14.476,0.1216,0.0866,63.69,1.15,,
Radial Velocity,3.092514,0.0443,0.916,27.05,1.21,,
Radial Velocity,396.03,1.4,22,131.75,2.6,,
Radial Velocity,479,1.39,1.6,114.55,1.52,,
Radial Velocity,663,1.78,3.3,115.47,1.84,,
Radial Velocity,9.3743,0.08,0.024,26.15,0.78,,
Radial Velocity,962,1.76,0.64,26.15,0.78,,
Radial Velocity,2172,3,0.54,26.15,0.78,,
Radial Velocity,956,1.78,0.37,55.93,0.92,,
Radial Velocity,626.5,1.51,3.67,52.83,1.17,,
Radial Velocity,3070,4.35,3.57,52.83,1.17,,
Radial Velocity,6.838,0.077,0.94,47.37,1.28,,
Radial Velocity,986,2.05,0.75,44.98,1.22,,
Radial Velocity,3.0965828,0.0426,0.523,47.92,1,,
Radial Velocity,3810,4.89,1.99,47.92,1,,
Radial Velocity,772,1.92,2.7,127.88,,,
Radial Velocity,461.2,1.203,1.5,52.63,1.09,,
Radial Velocity,2.21857578,0.03142,1.15,19.25,0.84,1.151,1.004
Radial Velocity,2915,4.01,1.56,15.89,0.96,,
Radial Velocity,17.111,0.1304,0.06,15.89,0.96,,
Radial Velocity,1038.1,2.07,1.9,54.23,1.1,,
Radial Velocity,4885,5.5,3.1,189.39,0.91,,
Radial Velocity,24.3556,0.1532,0.641,19.89,,,
Radial Velocity,74.72,0.32,0.0532,8.82,0.8,,
Radial Velocity,525.8,1.18,0.076,8.82,0.8,,
Radial Velocity,345.53,1.15,2.4,67.39,1.68,,
Radial Velocity,18.20132,0.1388,3.69,37.35,1.07,,
Radial Velocity,1378,2.54,2.9,46.93,1.15,,
Radial Velocity,3638,5.02,6.9,43.57,1.29,,
Radial Velocity,1333,2.37,2.58,32.99,1.28,,
Radial Velocity,1035.7,2.07,0.79,32.83,,,
Radial Velocity,466.2,1.305,1.37,22.38,1.37,,
Radial Velocity,613.8,1.601,1.85,68.35,1.44,,
Radial Velocity,825,1.95,0.895,68.35,1.44,,
Radial Velocity,255.87,0.83,17.4,46.34,1.15,,
Radial Velocity,1383.4,2.55,2.44,46.34,1.15,,
Imaging,,487.1,24.09,40.85,,,
Radial Velocity,1120,2.23,6.11,89.85,1.17,,
Radial Velocity,2024.1,3.167,4.28,47.3,1.02,,
Radial Velocity,34.905,0.2099,0.0553,47.3,1.02,,
Radial Velocity,1733,2.56,0.266,26.95,0.74,,
Radial Velocity,279.8,0.896,1.37,90.33,1.22,,
Radial Velocity,610,1.68,2.2,170.07,1.56,,
Radial Velocity,577.9,1.359,0.73,36.02,1,,
Radial Velocity,161.97,0.57,0.56,55.31,0.94,,
Radial Velocity,1155.7,2.112,0.73,55.31,0.94,,
Radial Velocity,18.315,0.1207,0.0085,6.06,0.7,,
Radial Velocity,40.114,0.2036,0.0076,6.06,0.7,,
Radial Velocity,90.309,0.3499,0.015,6.06,0.7,,
Radial Velocity,130.08,0.524,0.52,44,1.13,,
Radial Velocity,875.5,2.1,9.9,352.11,1.6,,
Radial Velocity,380.85,0.947,1.99,48.9,0.78,,
Radial Velocity,3.52474859,0.04747,0.714,47.08,1.15,1.38,0.362
Radial Velocity,442.19,1.138,1.29,21.29,1.01,,
Radial Velocity,354.8,1.2,1.9,55.93,1.68,,
Radial Velocity,2.245715,0.036,0.45,52.72,1.27,,
Radial Velocity,373.3,1.22,2.3,121.8,1.15,,
Radial Velocity,951,2.03,4.5,40.75,,,
Radial Velocity,3.93404,0.047,0.02,43.53,0.87,,
Radial Velocity,567.94,1.282,0.33,43.53,0.87,,
Radial Velocity,1311,2.56,1.26,33.29,1.3,,
Radial Velocity,1256,2.32,1.82,26.52,1.15,,
Radial Velocity,148.6,0.609,1.47,,1.36,,
Radial Velocity,118.45,0.46,0.65,37.89,0.9,,
Radial Velocity,7.126816,0.0748,1.39,19.72,1.02,,
Radial Velocity,4270,5.32,2.6,19.72,1.02,,
Radial Velocity,1319,2.38,13,54.92,,,
Radial Velocity,225.7,0.6873,0.21,29.94,0.85,,
Radial Velocity,5501,6.22,10.39,29.2,1.05,,
Radial Velocity,3.0931,0.038474,0.012,6.55,0.79,,
Radial Velocity,6.7635,0.064816,0.011,6.55,0.79,,
Radial Velocity,46.71,0.23508,0.067,6.55,0.79,,
Radial Velocity,1190,2.14,0.19507,6.55,0.79,,
Radial Velocity,22.805,0.14574,0.028,6.55,0.79,,
Radial Velocity,94.2,0.3753,0.034,6.55,0.79,,
Radial Velocity,2247,3.11,0.34,6.55,0.79,,
Radial Velocity,2093.3,3.2,1,,1,,
Radial Velocity,3.8335,,0.06,81.1,,,
Radial Velocity,672.1,1.6,11.1,289.02,1.2,,
Radial Velocity,2209,3.36,1.06,45.23,1.04,,
Radial Velocity,3724.7,4.94,1.45,48.43,,,
Radial Velocity,456.1,1.25,3.09,52.88,1.25,,
Radial Velocity,3999,5.1,1.9,50.45,1.13,,
Radial Velocity,572.38,1.347,7.75,41.95,0.99,,
Radial Velocity,26.73,0.192,0.71,94.07,1.33,,
Radial Velocity,528.07,1.167,13.65,31.79,,,
Radial Velocity,730.6,1.596,2.45,34.6,,,
Radial Velocity,1214,2.4,1.5,89.13,1.13,,
Radial Velocity,141.6,0.53,1.08,108.46,1.14,,
Radial Velocity,192,0.747,6.575,,1.5,,
Radial Velocity,1561,2.772,7.71,51.97,,,
Radial Velocity,501.75,1.16,5.21,,0.82,,
Radial Velocity,745.7,1.9,5.3,307.69,1.69,,
Radial Velocity,3668,4.92,4.01,46.51,1.18,,
Radial Velocity,535.6,1.29,9.4,264.4,1,,
Radial Velocity,1845,3.02,0.95,56.05,,,
Radial Velocity,3.4442,0.044,0.48,53.71,0.93,,
Radial Velocity,428.1,1.271,1.56,18.24,,,
Radial Velocity,2208,3.25,1.45,44.54,0.94,,
Radial Velocity,17.9904,0.125,0.645,42.37,0.8,,
Radial Velocity,385.9,1.032,5.59,39.56,,,
Radial Velocity,1116,2.15,1.16,54.7,1.06,,
Radial Velocity,6.0881,,0.917,42.43,0.73,,
Radial Velocity,8.7836,0.066,0.026,9.42,0.45,,
Radial Velocity,387.1,1.25,1.7,168.92,,,
Radial Velocity,2443,3.43,2.54,56.7,0.9,,
Radial Velocity,311.6,1.2,1.6,115.21,2.54,,
Radial Velocity,2770,3.95,10.45,54.71,1.01,,
Radial Velocity,1159.2,2.315,1.373,26.5,1.23,,
Radial Velocity,1684,2.69,0.47,57.1,0.92,,
Radial Velocity,912,1.8,1.8,121.07,,,
Radial Velocity,466,1.26,0.5,53.82,1.23,,
Radial Velocity,157.54,0.59,3.04,117.37,1.13,,
Radial Velocity,3.38773,0.039,0.62,50.2,0.7,,
Radial Velocity,326.6,1.06,1.3,136.8,,,
Radial Velocity,18.179,0.145,0.33,86.88,1.24,,
Radial Velocity,388,1.1,9.1,20.98,,,
Radial Velocity,1049,2.07,0.79,45.01,1.07,,
Radial Velocity,62.218,0.295,0.229,11.11,,,
Radial Velocity,154.46,0.53,0.61,33.24,,,
Radial Velocity,843.6,1.64,0.6,33.24,,,
Radial Velocity,2295,3.19,0.66,33.24,,,
Radial Velocity,55.01307,0.2831,2.802,42.88,1,,
Radial Velocity,2720,3.814,3.366,42.88,1,,
Radial Velocity,363.2,1.02,0.34,37.78,1.08,,
Radial Velocity,14.3098,0.131,0.839,42.43,,,
Radial Velocity,2140.2,3.712,13.38,42.43,,,
Radial Velocity,696.3,1.7,10.7,99.4,1.36,,
Radial Velocity,2151,3.38,10.27,18.21,,,
Radial Velocity,4.3123,0.0468,0.0126,12.83,0.77,,
Radial Velocity,9.6184,0.0799,0.0208,12.83,0.77,,
Radial Velocity,20.432,0.1321,0.0299,12.83,0.77,,
Radial Velocity,51.76,0.247,0.0164,12.83,0.77,,
Radial Velocity,197.8,0.6,0.0223,12.83,0.77,,
Radial Velocity,264.15,0.846,4.01,33.33,,,
Radial Velocity,963,,2.54,43.03,0.7,,
Radial Velocity,1.3283,,18.37,43.03,0.4,,
Radial Velocity,526.62,1.28,1.56,44.05,0.99,,
Radial Velocity,437.05,1.1735,1.82,77.82,1.13,,
Radial Velocity,6700,6.95,2.17,77.82,1.13,,
Radial Velocity,828,1.65,0.804,32.7,,,
Radial Velocity,15.56,0.115,0.0442,21.85,0.83,,
Radial Velocity,356,1.19,2.3,131.41,1.72,,
Radial Velocity,327.8,0.92,0.6,56.3,0.96,,
Radial Velocity,36.96,0.24,2.49,93.2,1.38,,
Radial Velocity,472.3,1.19,0.58,50.4,1,,
Radial Velocity,963.6,1.92,1.79,48.95,1.02,,
Radial Velocity,226.93,0.6813,0.1872,32.58,,,
Radial Velocity,342.85,0.8972,0.6579,32.58,,,
Radial Velocity,43.6,0.23,0.47,36.14,0.83,,
Radial Velocity,3.023573,0.0398,0.226,33.41,0.92,,
Radial Velocity,4.0845,0.05,0.07167,37.84,0.99,,
Radial Velocity,1353.6,2.395,0.35061,37.84,0.99,,
Radial Velocity,360.2,1.19,2.37,56.5,1.74,,
Radial Velocity,2732,4.6,2.37,56.5,1.74,,
Radial Velocity,712.13,1.93,7.32,121.36,0.91,,
Radial Velocity,762,1.6,1.2,87.41,1.22,,
Radial Velocity,4.94737,0.058,0.105,40.73,,,
Radial Velocity,2482.7,3.86,1.71,47.26,1.24,,
Radial Velocity,1293,2.353,4.954,31.03,1.04,,
Radial Velocity,119.6,0.5,1.05,28.07,1.18,,
Radial Velocity,641,1.6697,1.76,114,1.51,,
Radial Velocity,886,2.071,1.15,114,1.51,,
Radial Velocity,792.6,1.9,1.4,58.17,1.55,,
Radial Velocity,492.3,1.2,0.33,53.6,0.96,,
Radial Velocity,177.11,0.76,7.6,150.6,,,
Radial Velocity,201.3,0.759,1.03,25.7,1.44,,
Radial Velocity,604,1.58,2.46,25.7,1.44,,
Radial Velocity,589.64,1.64,2.3,10.34,2.1,,
Radial Velocity,2.818049,0.0368,0.398,35.8,0.84,1.098,
Radial Velocity,358,0.94,0.64,32.62,,,
Radial Velocity,22.017,0.148,0.44,40.32,0.89,,
Radial Velocity,572.4,1.3,1.26,35.59,0.92,,
Radial Velocity,152.6,0.54,0.17,35.59,0.92,,
Radial Velocity,480.5,1.2,6,80.06,1.1,,
Radial Velocity,1973,3.18,2.82,55.04,1.1,,
Radial Velocity,352.2,1.08,3.06,88.81,1.36,,
Radial Velocity,2374,3.86,4.85,88.81,1.36,,
Radial Velocity,2496,3.56,1.56,54.9,0.96,,
Radial Velocity,6.27711,0.0704,1.86,58.82,1.18,,
Radial Velocity,8.667,0.0785,0.0321,12.58,0.86,,
Radial Velocity,31.56,0.186,0.0371,12.58,0.86,,
Radial Velocity,197,0.63,0.057,12.58,0.86,,
Radial Velocity,851.8,1.76,6.1,45.7,1,,
Radial Velocity,2068,3.23,1.97,28.76,1.05,,
Radial Velocity,615,1.36,0.29,35.88,0.89,,
Radial Velocity,3383,4.511,3.15,51.36,,,
Radial Velocity,2.54858,0.037,1.87,36.52,1.05,,
Radial Velocity,1260,2.198,3.06,54.91,0.89,,
Radial Velocity,188.9,0.65,2.25,94.61,,,
Radial Velocity,379.1,1.03,2.25,94.61,,,
Radial Velocity,1770,3.067,1.103,81,1.23,,
Radial Velocity,51.645,0.292,1.8,64.56,,,
Radial Velocity,2473,3.85,8.06,64.56,,,
Radial Velocity,1275,2.3,1.11,38.52,1.05,,
Radial Velocity,4046,4.96,2,38.52,1.05,,
Radial Velocity,3.509267,0.0482,0.467,28.94,1.21,,
Radial Velocity,341.7,1.073,1.15,68.7,1.41,,
Radial Velocity,418.2,1.19,2.51,80.58,1.28,,
Radial Velocity,3.971,0.049,0.197,59.7,,,
Radial Velocity,5.7361,0.0614,0.05,41.27,0.93,,
Radial Velocity,5.39792,0.05664,0.02731,16.82,0.83,,
Radial Velocity,15.299,0.1134,0.02473,16.82,0.83,,
Radial Velocity,24.451,0.1551,0.02026,16.82,0.83,,
Radial Velocity,1966.1,3.13,1.34,48.64,,,
Radial Velocity,111.4357,0.449,3.94,29.04,0.97,0.98,
Radial Velocity,1001.7,1.94,6.86,32.56,0.96,,
Radial Velocity,184.02,0.81,2.7,88.26,2.1,,
Radial Velocity,705,1.65,1.3,112.23,,,
Radial Velocity,441.47,1.18306,1.681,27.46,1.2,,
Radial Velocity,220.078,0.74345,1.959,27.46,1.2,,
Radial Velocity,2.985698,0.0406,0.398,43.53,0.9,,
Radial Velocity,1313,2.45,0.68,52.5,1.13,,
Radial Velocity,788,1.52,0.132,33.96,0.76,,
Radial Velocity,58.43,0.26,0.011,11.15,0.69,,
Radial Velocity,227,0.757,1.8,44.15,,,
Radial Velocity,2.1375,0.035,1.5,91.16,1.21,,
Radial Velocity,1695,2.84,0.92,42.48,1.06,,
Radial Velocity,1475,2.86,7,72.57,,,
Radial Velocity,1634,3.02,14.2,38.26,,,
Radial Velocity,2754,3.6,1.78,18.06,,,
Radial Velocity,3.41587,0.0472,0.299,74.46,1.2,,
Radial Velocity,2157,3.27,1.78,30.88,,,
Radial Velocity,256.78,0.918,8.44,38.99,,,
Radial Velocity,49.77,0.25,0.057,22.09,0.84,,
Radial Velocity,325,0.96,3.58,32.32,1.1,,
Radial Velocity,143.58,0.477,0.37,28.9,,,
Radial Velocity,30.052,0.189,0.7,52.85,,,
Radial Velocity,192.9,0.654,1.82,52.85,,,
Imaging,,55.7,5,91.57,1.6,,
Radial Velocity,507,1.51,1.2,149.03,1.58,,
Radial Velocity,482,1.28,5.01,332,1.2,,
Radial Velocity,361.1,0.99,0.9,132.8,,,
Radial Velocity,647.3,1.4,4,221.24,0.91,,
Radial Velocity,498.9,1.3,0.68,84.03,1.31,,
Radial Velocity,9.4903,0.08,0.024,21.3,0.77,0.2,3.9
Radial Velocity,436.9,1.23,1.8,150.38,,,
Radial Velocity,4951,5.6,6.8,42.77,1,,
Radial Velocity,439.3,1.105,0.502,60.46,0.93,,
Radial Velocity,17.054,0.12186,0.087,17.99,0.83,,
Radial Velocity,4970,5.4,0.36,17.99,0.83,,
Radial Velocity,868,2.14,1.4,130.89,,,
Radial Velocity,184.2,0.81,8.2,84.6,2.1,,
Radial Velocity,144.3,0.72,1.98,,2.42,,
Transit,9.1205,0.0906,0.037,55.2,0.78,0.226,4.17
Radial Velocity,57.435,0.25,0.35,23.8,,,
Radial Velocity,6.673855,0.0692,3.88,52.88,0.99,,
Radial Velocity,147.73,0.545,1.28,52.88,0.99,,
Radial Velocity,952,1.89,0.57,52.88,0.99,,
Radial Velocity,345.72,0.89,1.42,44.8,0.78,,
Radial Velocity,9017.76,7.7,15.04,44.8,0.78,,
Radial Velocity,41.397,0.163506,0.298,11.03,,,
Radial Velocity,8.1352,0.07,0.0365,25.87,,,
Radial Velocity,32.03,0.178,0.40902,25.87,,,
Radial Velocity,431.7,1.01,0.5267,25.87,,,
Radial Velocity,124.6,0.565,9.18,149.25,1.54,,
Radial Velocity,1084.5,2.81,6,,2.5,,
Radial Velocity,88.9,0.46,1.38,,1.63,,
Radial Velocity,2131.8,3.82,5.98,,1.63,,
Radial Velocity,17337.5,20.25,9,23.98,,,
Radial Velocity,511.098,1.275,8.82,31.33,1.05,,
Imaging,,740,23,156.7,2.5,,
Radial Velocity,111.7,0.36,2.1,14.9,,,
Radial Velocity,5.0505,0.057,1.068,44.46,0.95,,
Radial Velocity,1058.8,2.55,20,106.5,1.93,,
Imaging,,773,21.9987,18.39,,1.051,
Radial Velocity,312,0.91,2.13,17.24,,,
Imaging,170000,68,7,39.94,,1.2,
Imaging,69000,38,10,39.94,,1.2,
Imaging,37000,24,10,39.94,,1.2,
Imaging,18000,14.5,,39.94,,,
Transit,19.30691,0.1374,,271,0.94,0.35,
Transit,39.93767,0.2257,,2019,1.35,0.674,
Transit,8.28212,0.0802,,294,1.01,0.208,
Transit,39.91488,0.2114,,290,0.8,0.169,
Transit,8.36802,0.0627,,219,0.47,0.429,
Transit,11.8104,0.091,,437,0.72,0.221,
Transit,7.62067,0.0662,,324,0.67,0.19,
Transit,19.07536,0.122,,324,0.67,0.191,
Transit,17.96753,0.119,,134,0.71,0.199,
Transit,32.94488,0.1491,,34,0.41,0.2,
Transit,7.921101,0.0762,0.13844,291,0.95,0.666,0.492
Transit,11.90727,0.1001,0.05003,291,0.95,0.402,0.94
Transit,9.32414,0.0731,,65,0.64,0.142,2.7
Transit,15.5012,0.1026,,65,0.64,0.171,5.4
Transit,0.381078,0.0088,1.4,225,0.6,0.223,
Transit,10.05429,0.0775,0.02643,42,0.61,0.185,4.32
Transit,24.6491,0.1405,0.00661,42,0.61,0.147,1.82
Transit,44.5705,0.2086,0.03492,42,0.61,0.136,17.5
Transit,10.00329,0.0777,,,0.63,0.211,
Transit,5.73491,0.0509,,,0.53,0.171,
Transit,10.93406,0.0783,,,0.53,0.171,
Transit,30.94191,0.1898,,,0.97,0.223,
Transit,28.67992,0.1814,,,0.97,0.238,
Transit,10.35176,0.0856,,,0.79,0.265,
Transit,18.44883,0.0848,,,0.24,0.143,
Transit,1.217514,0.02466,27.23,262,1.32,1.11,24.7
Transit,4.1137912,0.05496,1.522,124.22,1.31,1.286,
Transit,2.7033904,0.04122,1.477,178,1.28,1.345,0.75
Transit,7.8455821,0.08,0.442,222,1.13,1.18,
Radial Velocity,1276,2.39,3.71,222,1.13,,
Transit,2.7347749,0.04415,1.28,129,1.53,1.533,0.442
Transit,3.24406,0.04571,0.867,236,1.21,1.86,0.167
Orbital Brightness Modulation,0.2197,,,,,,
Orbital Brightness Modulation,0.32528,,,,,,
Orbital Brightness Modulation,0.81161,,,,,,
Transit,17.8552333,0.151,10,426,1.45,1.43,
Transit,1.763588,0.03641,9.28,,1.72,1.512,3.6
Transit,10.95416,,0.027,339,0.96,0.337,0.87
Transit Timing Variations,22.3395,0.15525,0.626,339,0.96,,
Transit,3.90512,0.0477,,800,0.95,1.11,
Transit,7.008151,0.074,,780,1.2,0.117,
Transit,8.719375,0.089,,780,1.2,0.106,
Transit,59.73667,0.32,,780,1.2,0.256,
Transit,91.93913,0.42,,780,1.2,0.237,
Transit,124.9144,0.48,,780,1.2,0.257,
Transit,210.60697,0.71,,780,1.2,0.723,
Transit,331.60059,1.01,,780,1.2,1.008,
Orbital Brightness Modulation,0.240104,0.006,0.0014,1180,0.5,0.068,
Orbital Brightness Modulation,0.342887,0.0076,0.0021,1180,0.5,0.077,
Transit,3.743208,0.05119,0.033,,1.28,0.153,10.1
Transit,10.423648,0.1013,0.049,,1.28,0.385,0.91
Transit,22.342989,0.1684,0.334,,1.28,1.005,0.363
Transit,54.32031,0.3046,0.11,,1.28,0.585,0.6
Radial Velocity,121.54,0.311,0.022,3.92,0.28,,
Transit,0.837491,0.0172,0.0145,173,0.91,0.132,8
Transit,45.294301,,0.054,173,0.91,0.21,7.1
Transit,6.88705,,0.023,,1.08,0.118,14.25
Transit,12.8159,,0.003,,1.08,0.196,0.35
Transit,35.3331,,0.009,,1.08,0.144,
Transit,3.4876812,0.0474,0.16,,1.17,0.51,1.45
Transit,6.02976,0.0684,0.01,,1.17,0.112,10.5
Transit,5.28696,,0.001,,0.81,0.042,23.29
Transit,7.07142,,0.009,,0.81,0.052,
Transit,10.3117,,0.012,,0.81,0.105,13.27
Transit,16.1457,,0.028,,0.81,0.198,4.68
Transit,27.4536,,0.002,,0.81,0.079,4.92
Transit,15.9654,,0.031,,1.09,0.301,1.38
Transit,179.612,,0.114,,1.09,0.459,1.47
Transit,11.427548,0.094,,,0.81,0.277,
Transit,23.668205,0.153,,,0.81,0.279,
Transit,51.755394,0.257,,,0.81,0.319,
Transit,5.4122,0.066,,,1.28,0.429,
Transit,7.125939,0.072,,,1.28,0.144,
Transit,6.16486,,0.0005,,1,0.073,1.26
Transit,13.5708,,0.033,,1,0.223,3.28
Transit,23.9802,,0.025,,1,0.085,
Transit,43.8445,,0.035,,1,0.228,3.1
Transit,3.179997,0.044,,,,0.139,
Transit,4.901425,0.059,,,,0.161,
Transit,7.958203,0.082,,,,0.095,
Transit,14.749049,0.123,,,,0.308,
Transit,49.183921,0.292,,,0.87,0.772,
Transit,190.323494,0.721,,,0.87,0.73,
Transit,6.48163,,0.004,,1.04,0.211,0.3
Transit,21.2227,,0.007,,1.04,0.225,0.65
Transit,10.3039,0.091,0.006,613,0.96,0.161,1.72
Transit,13.0241,0.107,0.009,613,0.96,0.256,0.66
Transit,22.6845,0.155,0.023,613,0.96,0.278,1.28
Transit,31.9996,0.195,0.025,613,0.96,0.374,0.58
Transit,46.6888,0.25,0.006,613,0.96,0.222,0.69
Transit,118.3807,0.466,0.079,613,0.96,0.297,4
Transit,12.691112,0.107,,,,0.163,
Transit,31.719775,0.198,,,,0.197,
Transit,3.341815,0.046,,,,0.141,
Transit,224.784608,0.761,,,,0.651,
Transit,8.408878,0.076,,,,0.211,
Transit,28.574263,0.172,,,,0.214,
Transit,4.754,,0.037,,0.75,0.162,10.73
Transit,8.92507,,0.027,,0.75,0.194,
Transit,5.188549,0.053,,,0.56,0.112,
Transit,8.041,,0.009,,0.56,0.143,
Transit,11.776,,0.012,,0.56,0.226,
Transit,2.403679,0.036,,,1,0.097,
Transit,8.990889,0.087,,,1,0.232,
Transit,5.968734,0.069,,,1.16,0.305,
Transit,13.07163,0.116,,,1.16,0.205,
Transit,18.7959228,0.1445,0.094,1430,1.13,0.719,0.3
Transit,50.790391,0.2804,1.84,1430,1.13,1.101,1.74
Transit,7.518496,0.073,,,0.86,0.175,
Transit,20.17202,0.141,,,0.86,0.685,
Transit,2.422082,0.035,,,,0.321,
Transit,4.125103,0.049,,,,0.082,
Transit,4.4379629,0.0553,0.432,600,1.17,1.754,0.11
Transit,6.312501,0.055,,,,0.192,
Transit,12.794585,0.088,,,,0.136,
Transit,3.177422,0.039,,,,0.209,
Transit,41.008011,0.216,,,,0.203,
Transit,5.766193,0.064,,,0.99,0.209,
Transit,12.465988,0.108,,,0.99,0.524,
Transit,21.587475,0.155,,,0.99,0.196,
Transit,37.993273,0.227,,,0.99,0.232,
Transit Timing Variations,56.268,,0.113,,0.99,0.156,
Transit,17.232366,0.135,,,1.03,0.262,
Transit,26.695074,0.181,,,1.03,0.132,
Transit,3.410493,0.039,,,,0.065,
Transit,13.821375,0.1,,,,0.156,
Transit,30.950851,0.17,,,,0.099,
Transit,4.164389,0.041,,,0.55,0.211,
Transit,5.774464,0.051,,,0.55,0.066,
Transit,10.495711,0.099,,,,0.136,
Transit,21.869741,0.162,,,,0.141,
Transit,100.283134,0.448,,,,0.223,
Transit,14.435889,0.125,,,,0.125,
Transit,29.393195,0.2,,,,0.237,
Transit,48.630408,0.28,,,,0.236,
Transit,15.09,,0.097,,1.18,0.101,
Transit,22.804,,0.105,,1.18,0.101,
Transit,15.79186,0.131,,,1.18,0.211,
Transit,82.20017,0.393,,,1.18,0.227,
Transit,8.457458,0.079,,,1,0.091,
Transit,27.50868,0.178,,,1,0.259,
Transit,87.517905,0.377,,,1,0.146,
Transit,16.092,,0.051,,1.02,0.215,6
Transit,25.5169,,0.026,,1.02,0.075,77.7
Transit,6.178196,0.067,,,,0.108,
Transit,6.414914,0.068,,,,0.114,
Transit,18.010199,0.136,,,,0.138,
Transit,8.129976,0.083,,,,0.157,
Transit,31.517586,0.204,,,,0.253,
Transit,5.317429,0.06,,,,0.178,
Transit,10.105785,0.092,,,,0.112,
Transit,6.00253,0.067,,,,0.161,
Transit,11.448708,0.103,,,,0.103,
Transit,11.5789,0.106,,,1.2,0.183,
Transit,16.399235,0.133,,,1.2,0.178,
Transit,8.436387,0.077,,,,0.131,
Transit,18.735753,0.13,,,,0.168,
Transit,10.3126,,0.00021,,0.52,0.047,2.6
Transit,13.7813,,0.0062,,0.52,0.107,6.2
Transit,23.0881,,0.00201,,0.52,0.108,2.1
Transit,15.771044,0.127,,,1.08,0.262,
Transit,157.072878,0.586,,,1.08,0.302,
Transit,6.790123,,8.4,980,1.51,1.136,7.1
Transit,3.25427,0.045,,,,0.144,
Transit,91.353282,0.414,,,,0.161,
Transit,3.107675,0.039,,,1,0.062,
Transit,7.010606,0.067,,,1,0.126,
Transit,2.024152,0.032,,,0.99,0.178,
Transit,4.761702,0.057,,,0.99,0.255,
Transit,41.809118,0.242,,,0.99,0.193,
Transit,16.007583,0.127,,,,0.215,
Transit,27.082511,0.181,,,,0.301,
Transit,5.885273,0.066,,,1.03,0.119,
Transit,10.104665,0.094,,,1.03,0.12,
Transit,22.951,,0.117,,1.32,0.236,
Transit,42.882,,0.25,,1.32,0.385,
Transit,31.158799,0.2,,,,0.331,
Transit,76.732171,0.364,,,,0.279,
Transit,12.610584,0.113,,,1.01,0.136,
Transit,33.416423,0.216,,,1.01,0.217,
Transit,1.729366,0.028,,,,0.161,
Transit,4.180043,0.05,,,,0.321,
Transit,29.198943,0.184,,,,0.376,
Transit,55.328328,0.281,,,,0.144,
Transit,160.018032,0.571,,,,0.353,
Transit,4.942782,0.05714,0.66,,1.02,0.96,0.93
Transit,3.428054,0.044,,,,0.112,
Transit,7.381998,0.073,,,,0.329,
Transit,12.56093,0.104,,,,0.249,
Transit,30.826557,0.189,,,,0.278,
Transit,15.228958,0.116,,,0.83,0.273,
Transit,24.674612,0.16,,,0.83,0.186,
Transit,18.207973,0.124,,,,0.249,
Transit,88.255055,0.356,,,,0.213,
Transit,18.870227,0.129,,,,0.261,
Transit,46.90232,0.237,,,,0.226,
Transit,33.040532,0.198,,,0.89,0.202,
Transit,62.303276,0.303,,,0.89,0.263,
Transit,5.931194,0.056,,,0.58,0.186,
Transit,52.661793,0.242,,,0.58,0.2,
Transit,4.973456,0.054,,,,0.205,
Transit,15.906801,0.117,,,,0.227,
Transit,1.732342,0.028,,,,0.118,
Transit,13.5405,0.11,,,,0.2,
Transit,16.709184,0.111,,,,0.189,
Transit,28.551383,0.158,,,,0.17,
Transit,10.139623,0.082,,,,0.212,
Transit,43.595792,0.218,,,,0.304,
Transit,228.776,0.7048,0.333,61,0.69,0.754,0.964
Transit,4.309427,0.05,,,,0.137,
Transit,13.699087,0.109,,,,0.322,
Transit,4.921355,0.054,,,0.77,0.189,
Transit,7.06424,0.068,,,0.77,0.183,
Transit,6.919798,0.069,,,,0.112,
Transit,19.446355,0.137,,,,0.27,
Transit,7.810937,0.078,,,0.96,0.094,
Transit,21.347262,0.152,,,0.96,0.202,
Transit,5.03503,0.058,,,1.11,0.126,
Transit,10.945723,0.097,,,1.11,0.244,
Transit,28.986769,0.187,,,1.11,0.219,
Transit,8.180848,0.072,,,,0.207,
Transit,15.31299,0.11,,,,0.199,
Transit,7.650254,0.072,,,,0.203,
Transit,34.260281,0.195,,,,0.212,
Transit,4.393147,0.048,,,0.76,0.129,
Transit,7.406097,0.068,,,0.76,0.122,
Transit,4.425391,0.056,,,,0.13,
Transit,13.193242,0.116,,,,0.24,
Transit,3.250619,0.04,,,0.86,0.101,
Transit,6.195469,0.062,,,0.86,0.108,
Transit,8.348125,0.075,,,0.86,0.112,
Transit,13.767102,0.105,,,0.86,0.196,
Transit,87.090195,0.359,,,0.86,0.23,
Transit,1.4857108,0.02591,2.45,800,1.16,1.31,1.35
Transit,7.930592,0.08,,,,0.285,
Transit,16.665863,0.131,,,,0.255,
Transit,4.166972,0.05,,,,0.209,
Transit,11.463462,0.098,,,,0.228,
Transit,39.595519,0.223,,,,0.169,
Transit,2.940309,0.04,,,0.86,0.21,
Transit,6.388996,0.068,,,0.86,0.255,
Transit,14.627119,0.118,,,0.86,0.201,
Transit,35.118736,0.211,,,0.86,0.246,
Transit,4.263742,0.048,,,0.78,0.115,
Transit,8.005777,0.074,,,0.78,0.217,
Transit,13.98179,0.1,,,,0.175,
Transit,44.000529,0.214,,,,0.133,
Transit,247.35373,0.677,,,,0.195,
Transit,11.903515,0.105,,,1.04,0.228,
Transit,34.035257,0.213,,,1.04,0.277,
Transit,5.433074,0.058,,,,0.128,
Transit,12.759712,0.102,,,,0.232,
Transit,25.751974,0.163,,,,0.224,
Transit,36.855,,0.006,,1.07,0.259,
Transit,49.412,,0.024,,1.07,0.633,
Transit,9.576694,0.085,,,,0.259,
Transit,20.552802,0.142,,,,0.257,
Transit,96.678988,0.397,,,,0.352,
Transit,2.735926,0.036,,,,0.146,
Transit,6.40013,0.064,,,,0.178,
Transit,3.504725,0.0447,0.022,,0.97,0.178,4.9
Transit,7.64159,0.0752,0.054,,0.97,0.49,0.59
Transit,14.85888,0.1172,0.052,,0.97,0.623,0.27
Transit,13.817124,0.109,,,0.84,0.134,
Transit,41.885775,0.229,,,0.84,0.269,
Transit,3.137873,0.04,,,,0.113,
Transit,4.302149,0.049,,,,0.178,
Transit,9.825792,0.096,,,1.14,0.23,
Transit,20.684342,0.157,,,1.14,0.306,
Transit,5.687945,0.064,,,,0.184,
Transit,11.637071,0.103,,,,0.203,
Transit,10.687576,0.092,,,,0.211,
Transit,20.303005,0.141,,,,0.176,
Transit,29.022358,0.179,,,,0.222,
Transit,1.6329,0.026,,,0.79,0.104,
Transit,20.729042,0.139,,,0.79,0.18,
Transit,3.8867907,0.0343,,172,0.54,0.095,
Transit,7.267302,0.0451,,172,0.54,0.112,
Transit,13.342996,0.0781,,172,0.54,0.125,
Transit,22.407704,0.11,,172,0.54,0.113,
Transit,129.9441,0.432,,172,0.54,0.104,
Transit,4.938864,0.059,,,0.85,0.126,
Transit,10.640263,0.099,,,0.85,0.238,
Transit,2.061897,0.032,,,,0.15,
Transit,5.996553,0.066,,,,0.285,
Transit,10.399931,0.088,,,0.79,0.108,
Transit,20.134866,0.137,,,0.79,0.212,
Transit,9.2869944,,0.064,2119,0.94,0.197,10.4
Transit Timing Variations,160,,6,2119,0.94,,
Transit,2.019999,0.03,,,0.84,0.139,
Transit,3.763024,0.045,,,0.84,0.13,
Transit,9.939632,0.087,,,0.85,0.12,
Transit,17.738506,0.128,,,0.85,0.166,
Transit,9.926746,0.09,,,,0.244,
Transit,21.2234,0.15,,,,0.249,
Transit,11.38848,0.106,,,,0.213,
Transit,50.697494,0.286,,,,0.245,
Transit,2.092281,0.032,,,,0.135,
Transit,17.308032,0.131,,,,0.231,
Transit,52.814973,0.275,,,,0.214,
Transit,8.307872,0.077,,,,0.181,
Transit,34.096863,0.197,,,,0.138,
Transit,20.739886,0.138,,,,0.17,
Transit,47.427737,0.24,,,,0.2,
Transit,5.599308,0.06,,,,0.091,
Transit,10.349695,0.09,,,,0.11,
Transit,15.677563,0.119,,,,0.109,
Transit,25.209715,0.164,,,,0.081,
Transit,17.790037,0.131,,,0.93,0.252,
Transit,49.567416,0.259,,,0.93,0.22,
Transit,23.637604,0.158,,,,0.277,
Transit,67.093408,0.316,,,,0.29,
Transit,3.6961219,0.04537,0.027,290,0.91,0.17,6.5
Transit,10.854092,0.093,0.051,290,0.91,0.274,2.91
Transit,77.61184,0.3453,0.063,290,0.91,0.245,4.07
Transit,6.098493,,0.01,290,0.91,0.077,
Transit,19.57706,,0.045,290,0.91,0.092,
Transit,8.594805,0.08,,,,0.19,
Transit,10.222157,0.09,,,,0.142,
Transit,25.672083,0.175,,,1.17,0.219,
Transit,151.884058,0.573,,,1.17,0.254,
Transit,4.069427,0.045,,,,0.145,
Transit,16.282493,0.113,,,,0.165,
Transit,3.162697,0.043,,,0.98,0.229,
Transit,5.370647,0.061,,,0.98,0.22,
Transit,11.32972,0.1,,,0.98,0.128,
Transit,14.400974,0.117,,,0.96,0.226,
Transit,25.660593,0.173,,,0.96,0.16,
Transit,2.75564,0.032,,,,0.135,
Transit,20.306546,0.122,,,,0.146,
Transit,7.781987,0.078,,,0.94,0.107,
Transit,13.137471,0.111,,,0.94,0.158,
Transit,23.44281,0.163,,,0.94,0.106,
Transit,1.611865,0.029,,,,0.14,
Transit,3.071571,0.044,,,,0.134,
Transit,5.868075,0.068,,,,0.295,
Transit,4.22864,0.054,,,1.03,0.145,
Transit,7.466623,0.079,,,1.03,0.124,
Transit,11.131786,0.103,,,1.03,0.107,
Transit,16.259458,0.132,,,1.03,0.132,
Transit,16.087845,0.122,,,,0.202,
Transit,41.749882,0.231,,,,0.277,
Transit,2.785755,0.042507,0.033,108,1.34,0.146,12.9
Transit,2.453234,0.032,,,,0.262,
Transit,7.972513,0.07,,,,0.323,
Transit,4.138575,0.048,,,0.97,0.112,
Transit,6.04045,0.062,,,0.97,0.115,
Transit,16.257582,0.133,,,1.16,0.097,
Transit,31.805174,0.207,,,1.16,0.244,
Transit,2.46236,0.036,,,0.94,0.145,
Transit,4.822962,0.057,,,0.94,0.209,
Transit,15.660544,0.13,,,,0.233,
Transit,28.7798,0.194,,,,0.19,
Transit,9.360672,0.084,,,0.77,0.145,
Transit,14.667108,0.113,,,0.77,0.158,
Transit,30.864423,0.185,,,0.77,0.213,
Transit,68.16101,0.314,,,0.77,0.156,
Transit,7.693641,0.079,,,,0.21,
Transit,17.406669,0.136,,,,0.271,
Transit,5.374943,0.065,,,,0.199,
Transit,8.586004,0.089,,,,0.165,
Transit,3.619337,0.046,,,,0.132,
Transit,44.699576,0.248,,,,0.28,
Transit,4.585512,0.057,,,,0.263,
Transit,22.714613,0.165,,,,0.319,
Transit,47.903645,0.272,,,,0.251,
Transit,289.8623,0.849,0.113,190,0.97,0.212,14.7
Transit,4.159807,0.046,,,,0.072,
Transit,9.034199,0.076,,,,0.14,
Transit,28.122397,0.163,,,,0.087,
Transit,45.902733,0.226,,,,0.119,
Transit,2.795906,0.037,,,0.72,0.153,
Transit,5.690586,0.059,,,0.72,0.261,
Transit,10.04156,0.087,,,0.72,0.244,
Transit,18.369917,0.13,,,0.72,0.235,
Transit,3.936981,0.048,,,,0.282,
Transit,10.08881,0.091,,,,0.414,
Transit,28.081912,0.18,,,,0.329,
Transit,7.384108,0.073,,,,0.151,
Transit,9.848183,0.088,,,,0.178,
Transit,14.788759,0.116,,,,0.266,
Transit,19.721734,0.14,,,,0.214,
Transit,3.132924,0.038,,,0.74,0.124,
Transit,5.925003,0.058,,,0.74,0.278,
Transit,11.349393,0.089,,,0.74,0.205,
Transit,18.643577,0.124,,,0.74,0.176,
Transit,6.738975,0.056,,,,0.107,
Transit,18.794234,0.111,,,,0.164,
Transit,3.940997,0.047,,,0.86,0.138,
Transit,5.349555,0.058,,,0.86,0.203,
Transit,8.109044,0.076,,,0.86,0.109,
Transit,9.488015,0.09,,,,0.277,
Transit,54.418694,0.29,,,,0.271,
Transit,2.566546,0.038,,,,0.136,
Transit,4.134444,0.052,,,,0.241,
Transit,11.094286,0.101,,,,0.36,
Transit,6.252972,0.062,,,,0.196,
Transit,16.068638,0.117,,,,0.439,
Transit,41.194912,0.22,,,,0.343,
Transit,7.1073,0.075,0.8,800,1.11,0.17,
Transit,10.7421,0.099,2.7,800,1.11,0.285,
Transit,15.274299,0.124,,800,1.11,0.196,
Transit,32.625555,0.191,,,,0.38,
Transit,91.773242,0.38,,,,0.182,
Transit,10.065275,0.074,,,0.58,0.154,
Transit,19.271566,0.114,,,0.58,0.172,
Transit,4.431222,0.054,,,,0.275,
Transit,11.379349,0.101,,,,0.342,
Transit,8.472382,0.077,,,,0.217,
Transit,60.418955,0.287,,,,0.242,
Transit,2.711506,0.04,,,,0.33,
Transit,7.21205,0.077,,,,0.313,
Transit,3.340222,0.037,,,0.59,0.199,
Transit,7.824904,0.065,,,0.59,0.114,
Transit,20.060548,0.122,,,0.59,0.183,
Transit,46.183669,0.213,,,0.59,0.198,
Transit,8.295611,0.065,,,0.56,0.14,
Transit,23.968127,0.132,,,0.56,0.178,
Transit,4.715106,0.05,,,0.7,0.126,
Transit,8.103636,0.071,,,0.7,0.186,
Transit,2.090876,0.034,,,1.06,0.154,
Transit,6.155557,0.069,,,1.06,0.213,
Transit,13.233549,0.115,,,1.06,0.274,
Transit,23.654,,0.534,,1.06,0.5,
Transit,50.447,,0.042,,1.06,0.178,
Transit,11.763051,0.095,,,0.74,0.208,
Transit,56.228098,0.268,,,0.74,0.224,
Transit,8.1453,0.08,1.6,1200,1.03,0.214,
Transit,12.3335,0.106,1.6,1200,1.03,0.25,
Transit,4.244384,0.051,,1200,1.03,0.149,
Transit,18.998355,0.138,,1200,1.03,0.248,
Transit,4.144495,0.048,,,,0.122,
Transit,7.953528,0.074,,,,0.196,
Transit,12.718092,0.094,,,,0.208,
Transit,36.065978,0.189,,,,0.229,
Transit,8.20395,0.075,,,,0.233,
Transit,14.496481,0.109,,,,0.178,
Transit,5.715442,0.062,,,0.89,0.219,
Transit,20.026218,0.142,,,0.89,0.178,
Transit,4.311792,0.05,,,,0.246,
Transit,9.767292,0.087,,,,0.183,
Transit,20.050401,0.14,,,,0.206,
Transit,7.49019,0.071,,,0.8,0.229,
Transit,17.460812,0.124,,,0.8,0.194,
Transit,36.277108,0.202,,,0.8,0.27,
Transit,4.60182,0.052,,,0.86,0.209,
Transit,11.187161,0.095,,,0.86,0.134,
Transit,3.33616,0.042,,,,0.146,
Transit,9.439452,0.084,,,,0.365,
Transit,20.477912,0.14,,,,0.352,
Transit,6.308205,0.066,,,,0.269,
Transit,16.239494,0.123,,,,0.363,
Transit,3.306539,0.035,,,,0.097,
Transit,7.113702,0.058,,,,0.135,
Transit,15.368459,0.097,,,,0.14,
Transit,6.2385,0.068,12.7,,1.19,0.232,
Transit,12.7204,0.11,4.16,,1.19,0.401,
Radial Velocity,123,,0.283,,1.19,,
Transit,4.148141,0.048,,,0.8,0.101,
Transit,7.156804,0.069,,,0.8,0.203,
Transit,17.648312,0.127,,,0.8,0.194,
Transit,4.790936,0.053,,,0.91,0.119,
Transit,16.514043,0.122,,,0.91,0.247,
Transit,30.133001,0.182,,,0.91,0.247,
Transit,99.640161,0.404,,,0.91,0.247,
Transit,6.668391,0.058,,,0.52,0.11,
Transit,10.848463,0.08,,,0.52,0.192,
Transit,3.783986,0.046,,,,0.145,
Transit,10.281951,0.089,,,,0.236,
Transit,18.119869,0.13,,,,0.283,
Transit,5.826662,0.064,,,,0.345,
Transit,12.412183,0.105,,,,0.192,
Transit,18.746477,0.139,,,,0.223,
Transit,5.714606,0.063,,,0.97,0.138,
Transit,9.946047,0.092,,,0.97,0.267,
Transit,1.620493,0.027,,,1.02,0.142,
Transit,3.38802,0.045,,,1.02,0.192,
Transit,5.839172,0.064,,,1.02,0.221,
Transit,10.681572,0.096,,,1.02,0.21,
Transit,2.382667,0.034,,,,0.233,
Transit,6.581484,0.066,,,,0.483,
Transit,24.664551,0.16,,,,0.442,
Transit,13.19722,0.103,,,0.8,0.362,
Transit,33.653079,0.193,,,0.8,0.322,
Transit,8.115317,0.079,,,,0.25,
Transit,36.924931,0.217,,,,0.241,
Transit,12.2829,0.085,0.38,,0.65,0.321,
Transit,17.2513,0.107,0.375,,0.65,0.321,
Transit,3.543919,0.039,,,0.65,0.095,
Transit,46.827915,0.22,,,0.65,0.215,
Transit,8.187399,0.075,,,0.88,0.179,
Transit,76.050178,0.332,,,0.88,0.155,
Transit,10.381227,0.088,,,0.87,0.194,
Transit,24.570858,0.156,,,0.87,0.178,
Transit,13.060855,0.108,,,,0.121,
Transit,21.853722,0.152,,,,0.146,
Transit,16.568087,0.12,,,,0.238,
Transit,47.332773,0.242,,,,0.22,
Transit,40.806231,0.249,,,1.32,0.297,
Transit,140.101261,0.566,,,1.32,0.252,
Transit,6.846262,0.069,,,1.03,0.166,
Transit,17.028937,0.127,,,1.03,0.235,
Transit,43.130617,0.236,,,1.03,0.222,
Transit,67.831024,0.319,,,1.03,0.231,
Transit,6.61833,0.071,,,0.99,0.221,
Transit,107.723601,0.457,,,0.99,0.347,
Transit,3.353728,0.037,,,0.56,0.177,
Transit,6.87745,0.06,,,0.56,0.19,
Transit,28.464515,0.154,,,0.56,0.203,
Transit,25.934138,0.18,,,,0.227,
Transit,83.446393,0.391,,,,0.302,
Transit,5.326718,0.061,,,0.98,0.22,
Transit,8.127899,0.081,,,0.98,0.151,
Transit,15.3348,0.118,9.11,,0.65,0.357,
Transit,31.3309,0.191,13.8,,0.65,0.437,
Transit,11.476094,0.107,,,,0.179,
Transit,25.262887,0.18,,,,0.158,
Transit,5.217738,0.056,,,,0.079,
Transit,7.410935,0.071,,,,0.089,
Transit,2.971353,0.038,,,0.79,0.128,
Transit,6.057342,0.061,,,0.79,0.16,
Transit,10.937304,0.091,,,0.79,0.201,
Transit,2.936532,0.037,,,,0.134,
Transit,8.014927,0.073,,,,0.177,
Transit,11.634788,0.101,,,,0.137,
Transit,33.197861,0.204,,,,0.164,
Transit,10.300682,0.098,,,1.24,0.209,
Transit,16.088134,0.132,,,1.24,0.302,
Transit,35.676062,0.224,,,1.24,0.297,
Transit,14.12841,0.119,,,1.1,0.256,
Transit,31.884,,0.052,,1.1,0.259,
Transit,48.648,,0.051,,1.1,0.25,
Transit,17.324,,0.275,,1.12,0.261,
Transit,33.006,,0.202,,1.12,0.3,
Transit,30.160546,0.207,,,,0.363,
Transit,51.078775,0.294,,,,0.32,
Transit,12.309681,0.112,,,1.1,0.323,
Transit,35.736,,0.155,,1.1,0.384,
Transit,54.414,,0.118,,1.1,0.277,
Transit,5.9123,0.062,1.51,,0.75,0.321,
Transit,8.9858,0.081,1.36,,0.75,0.303,
Transit,2.139542,0.032,,,0.91,0.129,
Transit,4.807091,0.056,,,0.91,0.179,
Transit,14.646008,0.117,,,0.98,0.252,
Transit,36.337373,0.215,,,0.98,0.474,
Transit,9.220524,0.082,,,0.97,0.09,
Transit,13.638723,0.106,,,0.97,0.107,
Transit,24.806,,0.192,,0.97,0.219,
Transit,44.347,,0.177,,0.97,0.277,
Transit,11.008151,0.082,,,,0.19,
Transit,92.743711,0.341,,,,0.162,
Transit,12.699149,0.104,,,,0.2,
Transit,37.514456,0.213,,,,0.233,
Transit,2.633867,0.036,,,0.85,0.12,
Transit,6.186676,0.064,,,0.85,0.1,
Transit,1.796302,0.027,,,,0.111,
Transit,3.468095,0.042,,,,0.122,
Transit,5.914323,0.061,,,,0.119,
Transit,29.221289,0.176,,,,0.158,
Transit,20.342199,0.145,,,,0.208,
Transit,44.851896,0.246,,,,0.291,
Transit,6.097326,0.065,,,0.89,0.149,
Transit,19.305772,0.14,,,0.89,0.254,
Transit,56.633742,0.287,,,0.89,0.238,
Transit,34.545,0.21,0.023,700,1.08,0.192,4.1
Transit,125.8518,0.51,0.42,700,1.08,1.034,0.47
Transit,66.0634,0.33,0.013,700,1.08,0.239,1.2
Transit,10.3376,0.09,0.4,1400,1,0.321,
Transit,13.2907,0.11,0.3,1400,1,0.259,
Transit,14.589347,0.11,,,,0.201,
Transit,36.77031,0.205,,,,0.241,
Transit,3.546511,0.047,,,1.03,0.193,
Transit,5.700786,0.065,,,1.03,0.168,
Transit,2.580827,0.035,,,0.88,0.118,
Transit,3.715335,0.045,,,0.88,0.131,
Transit,7.055679,0.068,,,0.88,0.199,
Transit,11.97901,0.097,,,0.88,0.238,
Transit,20.834237,0.141,,,0.88,0.21,
Transit,19.254196,0.144,,,1.01,0.274,
Transit,54.155743,0.286,,,1.01,0.342,
Transit,3.701212,0.048,,,,0.158,
Transit,6.6264,0.071,,,,0.242,
Transit,12.645164,0.099,,,,0.109,
Transit,21.526258,0.142,,,,0.104,
Transit,33.884054,0.192,,,,0.121,
Transit,10.864384,0.079,,226,0.5,0.144,
Transit,5.8416366,0.0521,,226,0.5,0.178,
Transit,19.850291,0.118,,226,0.5,0.186,
Transit,34.14211,0.169,,226,0.5,0.136,
Transit,63.33627,0.255,,226,0.5,0.161,
Transit,38.871826,0.217,,,,0.256,
Transit,74.920137,0.336,,,,0.583,
Transit,10.475464,0.08,,,0.65,0.175,
Transit,22.92881,0.136,,,0.65,0.172,
Transit,77.473633,0.305,,,0.65,0.223,
Transit,2.927128,0.04,,,0.97,0.118,
Transit,6.885875,0.07,,,0.97,0.236,
Transit,15.054786,0.118,,,0.97,0.166,
Transit,38.285489,0.22,,,0.97,0.167,
Transit,29.33434,0.18,0.036,1400,0.99,0.348,1.02
Transit,60.323105,0.3,2.01,1400,0.99,1.097,1.88
Transit,143.34394,0.5,0.073,1400,0.99,0.785,0.19
Transit,10.446347,0.094,,,0.94,0.149,
Transit,40.714955,0.232,,,0.94,0.201,
Transit,2.508553,0.036,,,0.91,0.12,
Transit,5.419026,0.06,,,0.91,0.12,
Transit,13.751243,0.112,,,0.91,0.156,
Transit,30.184104,0.193,,,,0.362,
Transit,127.282184,0.503,,,,1.111,
Transit,1.937055,0.024,,,0.59,0.079,
Transit,7.061149,0.057,,,0.59,0.102,
Transit,3.295709,0.039,,,0.8,0.255,
Transit,5.315946,0.054,,,0.8,0.194,
Transit,9.653471,0.08,,,0.8,0.245,
Transit,5.487,,0.033,,0.76,0.321,
Transit,8.291,,0.019,,0.76,0.294,
Transit,16.738661,0.121,,,0.76,0.242,
Transit,4.646186,0.05,,,0.82,0.136,
Transit,7.240193,0.067,,,0.82,0.21,
Transit,17.326644,0.12,,,0.82,0.22,
Transit,44.840975,0.227,,,0.82,0.203,
Transit,10.416,,0.01,,0.98,0.285,
Transit,13.084,,0.005,,0.98,0.25,
Transit,9.694928,0.09,,,,0.189,
Transit,15.38231,0.123,,,,0.193,
Transit,5.923653,0.059,,,,0.139,
Transit,105.356383,0.401,,,,0.224,
Transit,20.8613,0.16,,2100,1.21,0.491,
Transit,42.6318,0.26,4.7,2100,1.21,0.473,
Transit,87.648901,0.39,,2100,1.21,0.407,
Transit,13.930698,0.111,,,0.85,0.106,
Transit,56.47542,0.281,,,0.85,0.302,
Transit,92.876125,0.392,,,0.85,0.22,
Transit,9.176092,0.087,,,1.06,0.152,
Transit,19.738286,0.145,,,1.06,0.128,
Transit,1.772419,0.031,,,1.23,0.115,
Transit,19.747412,0.153,,,1.23,0.281,
Transit,14.970418,0.125,,,0.9,0.226,
Transit,32.273273,0.208,,,0.9,0.229,
Transit,2.461069,0.035,,,1.02,0.074,
Transit,5.960392,0.064,,,1.02,0.259,
Transit,96.101141,0.402,,,0.78,0.336,
Transit,265.469335,0.791,,,0.78,0.37,
Transit,2.240508,0.027,,,0.53,0.095,
Transit,6.827766,0.058,,,0.53,0.103,
Transit,5.524242,0.061,,,0.95,0.186,
Transit,8.77501,0.083,,,0.95,0.153,
Transit,4.662715,0.056,,,1.05,0.42,
Transit,11.815007,0.105,,,1.05,0.328,
Transit,4.362705,0.051,,,1.29,0.145,
Transit,6.941357,0.069,,,1.29,0.235,
Transit,31.781925,0.191,,,1.29,0.204,
Transit,5.90124,0.05,4.1,303,0.54,0.196,
Transit,8.7522,0.09,0.5,303,0.54,0.178,
Transit,22.7802,0.128,,303,0.54,0.241,
Transit,2.896,0.0323,,303,0.54,0.134,
Transit,0.74296,0.013,,303,0.54,0.072,
Transit,8.371554,0.085,,,,0.102,
Transit,17.934937,0.142,,,,0.122,
Transit,4.915379,0.057,,,1.01,0.158,
Transit,13.093921,0.11,,,1.01,0.207,
Transit,1.653888,0.027,,,0.91,0.09,
Transit,4.337234,0.051,,,0.91,0.149,
Transit,1.678327,0.028,,,1.09,0.128,
Transit,3.553822,0.046,,,1.09,0.145,
Transit,4.385315,0.05,,,0.86,0.102,
Transit,51.805612,0.26,,,0.86,0.281,
Transit,4.544439,0.053,,,0.87,0.26,
Transit,12.762172,0.105,,,0.87,0.227,
Transit,38.715185,0.22,,,0.87,0.249,
Transit,2.248329,0.032,,,0.98,0.136,
Transit,4.580358,0.051,,,0.98,0.125,
Transit,6.766888,0.066,,,0.98,0.108,
Transit,2.549575,0.029,,,0.55,0.099,
Transit,5.212333,0.047,,,0.55,0.092,
Transit,13.969457,0.09,,,0.55,0.154,
Transit,34.921,,0.09,,1.15,0.205,
Transit,71.312,,0.124,,1.15,0.482,
Transit,7.416397,0.061,,,0.53,0.125,
Transit,18.684737,0.113,,,0.53,0.172,
Transit,5.66793,0.0677,,,1.29,0.155,
Transit,13.17562,0.1189,,,1.29,0.285,
Transit,21.77596,0.1662,,,1.29,0.477,
Transit,31.7844,0.2138,,,1.29,0.359,
Transit,41.02902,0.2535,,,1.29,0.398,
Transit,8.25978,0.075,,,0.78,0.12,
Transit,15.955387,0.116,,,0.78,0.174,
Transit,8.457496,0.065,,,0.51,0.162,
Transit,17.28111,0.105,,,0.51,0.164,
Transit,32.134328,0.159,,,0.51,0.146,
Transit,7.626324,0.07,,,0.8,0.104,
Transit,15.995622,0.114,,,0.8,0.097,
Transit,34.21154,0.189,,,0.8,0.105,
Transit,12.551158,0.087,,,0.54,0.118,
Transit,24.08821,0.135,,,0.54,0.099,
Transit,5.470319,0.061,,,1,0.1,
Transit,12.758005,0.107,,,1,0.128,
Transit,25.09849,0.168,,,1,0.126,
Transit,6.562331,0.075,,,0.99,0.302,
Transit,67.844469,0.356,,,0.99,0.274,
Transit,2.024823,0.033,,,0.89,0.091,
Transit,9.600001,0.092,,,0.89,0.187,
Transit,20.678772,0.154,,,0.89,0.211,
Transit,3.292781,0.045,,,0.96,0.137,
Transit,9.693201,0.093,,,0.96,0.183,
Transit,13.726976,0.117,,,1.1,0.218,
Transit,24.310856,0.172,,,1.1,0.209,
Transit,44.431014,0.257,,,1.1,0.268,
Transit Timing Variations,9.341,,0.027,,1.1,0.139,
Transit,4.977656,0.055,,,0.84,0.127,
Transit,6.988055,0.069,,,0.84,0.103,
Transit,10.558345,0.091,,,0.84,0.104,
Transit,288.822,1.0896,0.22,1499,1.05,0.764,0.613
Transit,14.844387,0.134,,,2.11,0.226,
Transit,22.824669,0.178,,,2.11,0.301,
Transit,5.195528,0.06,,,0.94,0.105,
Transit,8.01041,0.08,,,0.94,0.152,
Transit,27.666313,0.182,,,0.94,0.165,
Transit,42.473269,0.242,,,0.94,0.178,
Transit,15.170318,0.128,,,1.13,0.201,
Transit,26.234138,0.185,,,1.13,0.175,
Transit,39.459357,0.242,,,1.13,0.222,
Transit,8.96855,0.088,,,1.04,0.215,
Transit,23.22182,0.167,,,1.04,0.18,
Transit,21.963945,0.153,,,0.9,0.233,
Transit,125.596809,0.488,,,0.9,0.263,
Transit,7.415563,0.066,,,0.59,0.066,
Transit,9.387427,0.077,,,0.59,0.107,
Transit,6.511127,0.071,,,0.97,0.237,
Transit,23.851549,0.168,,,0.97,0.274,
Transit,12.79836,0.11,,,1.04,0.176,
Transit,27.320871,0.183,,,1.04,0.156,
Transit,7.05677,0.076,,,1.15,0.136,
Transit,17.265427,0.138,,,1.15,0.119,
Transit,5.929778,0.065,,,0.97,0.17,
Transit,12.247629,0.105,,,0.97,0.175,
Transit,131.458,0.60347,0.127,1645,0.89,0.728,0.41
Transit,11.189562,0.104,,,1,0.165,
Transit,17.849,,0.019,,1,0.277,
Transit,26.136,,0.047,,1,0.25,
Transit,37.054919,0.214,,,0.89,0.273,
Transit,57.24809,0.287,,,0.89,0.285,
Transit,10.05537,0.085,,,0.79,0.077,
Transit,16.332995,0.118,,,0.79,0.111,
Transit,5.795278,0.051,,,0.54,0.079,
Transit,8.410894,0.065,,,0.54,0.123,
Transit,5.47666,0.054,,,0.65,0.164,
Transit,16.934402,0.115,,,0.65,0.117,
Transit,24.209842,0.146,,,0.65,0.111,
Transit,11.03189,0.102,,,1.05,0.13,
Transit,25.762294,0.179,,,1.05,0.242,
Transit,4.612696,0.057,,,0.97,0.14,
Transit,13.121632,0.115,,,0.97,0.161,
Transit,6.475434,0.063,,,0.78,0.164,
Transit,16.85837,0.12,,,0.78,0.238,
Transit,49.499875,0.246,,,0.78,0.306,
Transit,34.060467,0.21,,,0.95,0.243,
Transit,83.488369,0.381,,,0.95,0.254,
Transit,25.563222,0.178,,,1.07,0.315,
Transit,57.68802,0.307,,,1.07,0.384,
Transit,77.095691,0.372,,,1.07,0.358,
Transit,13.83989,0.1153,0.014,470,1.07,0.133,7.46
Transit,16.23855,0.1283,0.025,470,1.07,0.328,0.89
Transit,3.289672,0.044,,,0.95,0.147,
Transit,7.186434,0.075,,,0.95,0.187,
Transit,8.486616,0.086,,,1.07,0.129,
Transit,55.188023,0.3,,,1.07,0.225,
Transit,10.327186,0.087,,,0.77,0.079,
Transit,37.866281,0.207,,,0.77,0.129,
Transit,3.614568,0.048,,,1.23,0.103,
Transit,7.542427,0.079,,,1.23,0.151,
Transit,11.932125,0.107,,,1.23,0.183,
Transit,25.745718,0.178,,,1.2,0.138,
Transit,59.980627,0.312,,,1.2,0.192,
Transit,10.664903,0.098,,,0.99,0.182,
Transit,17.784129,0.137,,,0.99,0.146,
Transit,3.281959,0.045,,,1.05,0.13,
Transit,12.51616,0.11,,,1.05,0.16,
Transit,37.815724,0.201,,,0.75,0.116,
Transit,53.578637,0.253,,,0.75,0.107,
Transit,26.84768,0.186,,,0.71,0.291,
Transit,72.379334,0.36,,,0.71,0.346,
Transit,2.732756,0.03,,,0.54,0.101,
Transit,14.871572,0.094,,,0.54,0.126,
Transit,13.367308,0.1003,,66,0.8,0.027,
Transit,21.301886,0.1368,,66,0.8,0.066,
Transit,39.792187,0.2076,,66,0.8,0.178,
Transit Timing Variations,51.196,,,66,0.8,,
Transit,4.57953,0.054,,,0.94,0.142,
Transit,19.02293,0.14,,,0.94,0.17,
Transit,34.763278,0.2,,,0.94,0.169,
Transit,67.968015,0.313,,,0.94,0.159,
Transit,6.849692,0.075,,,1.15,0.121,
Transit,20.053763,0.154,,,1.15,0.186,
Transit,30.092568,0.201,,,1.15,0.151,
Transit,5.535309,0.06,,,0.87,0.121,
Transit,16.725948,0.126,,,0.87,0.111,
Transit,1.897806,0.029,,,0.84,0.092,
Transit,3.282807,0.042,,,0.84,0.098,
Transit,5.028219,0.056,,,0.84,0.117,
Transit,12.125934,0.101,,,0.89,0.129,
Transit,19.986326,0.141,,,0.89,0.236,
Transit,4.920199,0.057,,,1.05,0.095,
Transit,14.172327,0.115,,,1.05,0.16,
Transit,12.509529,0.109,,,0.88,0.124,
Transit,27.014976,0.182,,,0.88,0.184,
Transit,16.092361,0.112,,,0.96,0.067,
Transit,28.906009,0.166,,,0.96,0.062,
Transit,20.09838,0.152,,,1.08,0.148,
Transit,62.784697,0.326,,,1.08,0.204,
Transit,105.599,0.4632,0.384,600,0.94,0.384,
Transit,3.930821,0.05,,,1.05,0.106,
Transit,7.630004,0.078,,,1.05,0.113,
Transit,5.629021,0.066,,,1.34,0.088,
Transit,13.391635,0.117,,,1.34,0.1,
Transit,5.262155,0.055,,,0.8,0.118,
Transit,12.162701,0.097,,,0.8,0.142,
Transit,12.904532,0.095,,,0.67,0.118,
Transit,31.200751,0.172,,,0.67,0.111,
Transit,22.597053,0.148,,,0.76,0.1,
Transit,45.348269,0.236,,,0.76,0.101,
Transit,10.043686,0.097,,,1.09,0.244,
Transit,15.163161,0.127,,,1.09,0.271,
Transit,12.31043,0.096,,,0.74,0.124,
Transit,25.193458,0.155,,,0.74,0.141,
Transit,6.791636,0.068,,,1.03,0.092,
Transit,11.837549,0.098,,,1.03,0.079,
Transit,3.173315,0.036,,,0.59,0.072,
Transit,13.297004,0.093,,,0.59,0.077,
Transit,3.244107,0.041,,,0.78,0.135,
Transit,14.51143,0.11,,,0.78,0.13,
Transit,21.08721,0.164,20.1,1200,1.29,1.24,13
Transit,6.738088,0.065,,,0.67,0.073,
Transit,13.060022,0.101,,,0.67,0.07,
Transit,7.416755,0.082,,,1.22,0.285,
Transit,20.485435,0.161,,,1.22,0.316,
Transit,5.341853,0.059,,,1.13,0.089,
Transit,10.423118,0.093,,,1.13,0.098,
Transit,9.182417,0.091,,,1.32,0.115,
Transit,14.613612,0.124,,,1.32,0.119,
Transit,8.005013,0.083,,,1.11,0.143,
Transit,12.130686,0.11,,,1.11,0.148,
Transit,7.054346,0.061,,,0.53,0.092,
Transit,34.989262,0.177,,,0.53,0.118,
Transit,42.994,,0.238,,0.85,0.312,
Transit,88.505,,0.056,,0.85,0.473,
Transit,22.250949,0.144,,,,0.219,
Transit,135.498527,0.48,,,,0.551,
Transit,4.081423,0.044,,,,0.083,
Transit,11.419412,0.087,,,,0.09,
Transit,14.425281,0.103,,,,0.086,
Transit,26.67569,0.155,,,,0.128,
Transit,58.034616,0.261,,,,0.169,
Transit,3.21346,0.0456,0.077,550,1.22,0.357,1.91
Transit,6.87349,0.08,2.2,2700,1.48,1.17,1.68
Transit,9.024389,0.087,,,,0.147,
Transit,17.340824,0.134,,,,0.133,
Transit,14.383035,0.122,,,,0.153,
Transit,47.318218,0.269,,,,0.192,
Transit,4.028751,0.051,,,,0.109,
Transit,6.124821,0.068,,,,0.139,
Transit,8.921099,0.087,,,,0.123,
Transit,11.242861,0.102,,,,0.13,
Transit,7.031462,0.076,,,,0.112,
Transit,54.280749,0.297,,,,0.156,
Transit,11.829851,0.102,,,,0.113,
Transit,14.751166,0.118,,,,0.153,
Transit,10.613839,0.095,,,,0.186,
Transit,29.726682,0.188,,,,0.416,
Transit,2.42629,,0.02,,1.07,0.128,11.82
Transit,4.62332,,0.009,,1.07,0.076,24.39
Transit,0.66931,,0.0002,,1,0.095,0.29
Radial Velocity,3000,,12.6,,1,,
Transit,2.46502,,0.002,,1.08,0.073,4.42
Transit,68.9584,,0.008,,0.92,0.106,8.88
Transit,1.8555577,0.02396,0.56,770,1.12,1.04,0.7
Transit,17.833648,0.1226,,132,1.21,0.253,
Transit,3.00516,0.038,,,0.83,0.168,
Transit,1.7208604,0.02897,0.941,1056,1.17,1.341,0.52
Transit,66.262,0.3553,0.211,,0.82,0.388,3.2
Transit Timing Variations,4.7,,0.011,,0.89,0.153,
Transit Timing Variations,7.171,,0.094,,0.89,0.269,
Transit Timing Variations,4.176,,0.377,,0.67,0.108,
Transit Timing Variations,8.708,,,,0.67,,
Transit Timing Variations,6.319,,0.183,,1,0.221,
Transit Timing Variations,12.209,,,,1,,
Transit Timing Variations,12.331,,0.035,,0.9,0.206,
Transit Timing Variations,15.943,,,,0.9,,
Transit,86.67856,,1.1,,0.98,1.2,
Transit,69.7546,0.37,2.5,,1.39,0.96,
Transit Timing Variations,675.47,1.68,7.3,,1.39,,
Transit,1.2137672,0.0116,,38.7,0.13,0.07,
Transit,0.45328509,0.006,,38.7,0.13,0.065,
Transit,1.865169,0.0154,,38.7,0.13,0.051,
Transit,86.647661,0.382,1.45,900,0.99,0.94,2.1
Transit,704.1984,1.219,,320,0.79,0.371,
Transit,7.8914483,0.082,0.43,,1.15,1.15,0.38
Transit,2.6843285,0.03585,0.595,725,0.85,1.192,0.459
Transit,3.3118644,0.044,1.03,,1.01,0.89,1.94
Radial Velocity,223.3,0.73,6.97,,1.01,,
Transit,3.79701816,0.0464,0.25,650,0.93,0.978,0.27
Transit,3.21751883,0.0414,0.34,880,0.91,1.09,0.26
Transit,10.290994,0.091,0.29,1100,0.96,1.23,0.16
Transit,3.52563254,0.0433,1.27,720,0.87,1.08,1.02
Transit,3.0240949,0.046,3.23,1950,1.32,1.219,5
Transit,35.968,0.2244,,,1.17,0.29,
Transit,110.979,0.4757,,,1.17,0.16,
Transit,6.803,0.0719,,,1.07,0.068,
Transit,8.703,0.0847,,,1.07,0.06,
Transit,11.922,0.1045,,,1.07,0.1,
Transit,52.501129,0.301,5.41,870,1.32,1.145,4.46
Radial Velocity,406.2,,2.43,870,1.32,,
Transit,5.33408384,0.0679,2.82,1870,1.46,1.45,1.13
Transit,12.8747099,0.1143,2.86,1240,1.2,1.13,2.4
Transit,8.6001536,0.0948,0.84,2070,1.54,1.99,0.131
Transit,64.00205,0.339,,618,0.73,0.24,
Transit,66.65062,0.288,,417,0.71,0.19,
Transit,35.23319,0.166,,145,0.54,0.1,
Transit,178.1396,0.563,,693,0.88,0.2,
Transit,3.2467293,0.0446,1,2250,1.12,1.09,0.93
Transit,101.11141,0.242,,261,0.57,0.17,
Transit,207.2482,0.64,,284,0.57,0.15,
Transit,112.3053,0.409,,342,0.61,0.12,
Transit,177.6693,0.495,,779,0.74,0.21,
Transit,3.6001053,0.04178,,35.7,0.76,0.036,
Transit,4.5458841,0.04881,,35.7,0.76,0.044,
Transit,6.189392,0.06,,35.7,0.76,0.047,
Transit,7.743493,0.0696,,35.7,0.76,0.049,
Transit,9.740486,0.0811,,35.7,0.76,0.066,
Transit,2.984151,,,90,0.18,0.14,
Transit,4.871229,,,90,0.18,0.22,
Transit,8.15275,,,90,0.18,0.11,
Transit,1.565409,,,120,0.22,0.13,
Transit,3.036179,,,120,0.22,0.1,
Transit,5.148921,,,120,0.22,0.12,
Transit,7.79430132,0.0769,1.37,,1,1.65,0.4
Transit,12.58242,,,,0.97,0.183,
Transit,33.6727,,,,0.97,0.247,
Transit,2.455239,0.03,0.505,333,0.59,0.96,0.8
Transit,28.454851,,,,1.35,0.548,
Transit,15.413135,,,,1.35,0.234,
Transit,7.51464,,,,1.35,0.075,
Transit,384.843,1.046,,,1.04,0.145,
Transit,240.503,0.7903,0.00063,,0.94,0.553,
Transit,33.60134,0.1968,6,855,0.9,0.808,14
Transit Timing Variations,57.011,0.2799,0.376,855,0.9,,
Transit,6.766589,0.067,,855,0.9,0.146,
Transit,49.532,0.2962,2,1500,1.05,0.27,
Transit,303.137,0.991,28,1500,1.05,0.411,
Transit,4.7779803,,5.94,,0.88,0.191,
Transit,9.6739283,,11.61,,0.88,0.28,
Transit,42.8961,,0.025,,0.88,0.182,5.08
Radial Velocity,982,,2.067,,0.88,,
Transit,7.2037945,,0.98,,0.55,0.243,
Transit,10.9129343,,0.72,,0.55,0.227,
Transit,2.576549,0.031,,,0.55,0.143,
Transit,18.596108,0.116,,,0.55,0.139,
Transit,3.5484657,0.0538,2.111,,1.37,1.426,0.4
Transit,7.81254,0.077,,,1.23,0.153,
Transit,9.37647,0.087,,,1.23,0.194,
Transit,45.154,0.2514,0.007,,1.04,0.633,0.03
Transit,85.312,0.384,0.013,,1.04,0.803,0.03
Transit,130.194,0.509,0.024,,1.04,0.865,0.046
Transit,7.8773565,,8.7,,0.54,0.187,
Transit,16.3850021,,10.41,,0.54,0.164,
Transit,36.445171,0.182,,,0.54,0.174,
Transit,18.6489525,,18.41,,0.98,0.258,
Transit,38.5583038,,15.74,,0.98,0.283,
Transit,9.751962,0.091,,,0.98,0.189,
Transit,8.0109434,,0.92,,0.51,0.187,
Transit,12.0717249,,0.37,,0.51,0.11,
Transit,20.995694,0.126,,,0.51,0.136,
Transit,27.9481449,,1.49,,0.62,0.217,
Transit,42.1516418,,1.11,,0.62,0.197,
Transit,2.211099,0.029,,,0.62,0.142,
Transit,4.617534,0.048,,,0.62,0.138,
Transit,10.198545,0.081,,,0.62,0.142,
Transit,10.5016,0.1028,0.07,,1.32,0.581,0.442
Transit,21.40239,0.1652,0.57,,1.32,0.874,1.06
Transit,5.7293196,,18.86,,0.83,0.195,
Transit,11.6092567,,6.95,,0.83,0.138,
Transit,10.2184954,,1.39,,0.95,0.248,
Transit,15.5741568,,2.19,,0.95,0.255,
Transit,40.101371,0.236,,,0.95,0.262,
Transit,11.8681707,,2.05,,1.04,0.098,
Transit,17.9801235,,1.37,,1.04,0.177,
Transit,3.2346996,0.04852,0.668,,1.21,1.304,0.4
Transit,7.1316185,,0.25,,1.11,0.203,
Transit,8.9193459,,0.56,,1.11,0.22,
Transit,11.9016171,,0.68,,1.11,0.227,
Transit,59.87756,,,,0.64,0.192,
Transit,5.714932,0.0553,0.03,368,0.69,0.117,
Transit,12.4417,0.0929,0.013,368,0.69,0.048,
Transit,18.16406,0.12,0.044,368,0.69,0.174,
Transit,122.3874,0.427,0.113,368,0.69,0.144,
Transit,267.291,0.718,0.11,368,0.69,0.126,
Transit,9.4341505,0.08,0.378,200,0.98,0.545,3
Transit,2.15491,0.035,,,1.25,0.127,
Transit,5.859944,0.068,,,1.25,0.23,
Transit,8.13123,0.084,,,1.25,0.136,
Transit,17.815815,0.1352,,1107,1.04,0.25,
Transit,15.7259,0.1171,,1107,0.86,0.262,
Transit,5.398763,0.0617,0.026,135,1.08,0.206,3.32
Transit,9.605085,0.09059,0.015,135,1.08,0.085,28
Radial Velocity,580,1.4,0.947,135,1.08,,
Transit,13.722341,0.094,,,0.81,0.2,
Transit,242.4613,0.64,,,0.81,0.153,
Transit,4.8854892,0.06067,0.441,,1.36,1.622,0.14
Transit,7.340711,0.0781,0.63,1330,1.18,0.96,0.88
Transit,8.8849116,0.0818,10.1,1140,0.91,1.05,11
Orbital Brightness Modulation,1.5449298,0.0274,2.01,,1.2,1.36,1.1
Transit,3.57878087,0.04501,0.43,570,0.95,0.96,0.603
Transit,0.355,,0.006,,0.76,0.105,5.57
Transit,13.4845,0.117,0.0343,,1.17,0.31,1.43
Transit,27.4029,0.187,0.019,,1.17,0.332,0.62
Transit,52.0902,0.287,0.019,,1.17,0.639,0.09
Transit,81.0659,0.386,0.013,,1.17,0.311,0.53
Transit,3.5224991,0.0474,0.59,1330,1.21,1.416,0.27
Transit,7.053,,,,0.72,0.236,
Transit,9.522,,,,0.72,0.249,
Transit,3.072186,0.037,,,0.72,0.155,
Transit,4.645387,0.049,,,0.72,0.146,
Transit,5.955,,,,0.64,0.216,
Transit,12.04,,,,0.64,0.211,
Transit,20.837846,0.128,,,0.64,0.108,
Transit,26.444,,,,0.85,0.357,
Transit,51.538,,,,0.85,0.477,
Transit,2.382961,0.034,,,0.85,0.158,
Transit,5.902206,0.063,,,0.85,0.22,
Transit,9.77,,,,0.66,0.252,
Transit,20.09,,,,0.66,0.211,
Transit,5.169796,0.051,,,0.66,0.173,
Transit,8.726,,,,1,0.199,
Transit,12.883,,,,1,0.211,
Transit,4.224537,0.052,,,1,0.123,
Transit,27.434389,0.181,,,1,0.232,
Transit,44.552169,0.25,,,1,0.196,
Transit,8.306,,,,0.92,0.176,
Transit,12.513,,,,0.92,0.194,
Transit,17.91323,0.13,,,0.92,0.107,
Transit,25.216751,0.163,,,0.92,0.113,
Transit,114.73635,0.481,1.02,,1.1,1.204,0.729
Transit,191.2318,0.676,0.02,,1.1,0.548,0.152
Transit,19.24,0.14,0.252,650,1.07,0.842,0.524
Transit,38.91,0.225,0.171,650,1.07,0.823,0.383
Transit,1.592851,0.0273,,650,1.07,0.146,
Transit,6.24658,0.0731,0.81,1030,1.31,1.367,0.4
Transit,13.749,,0.202,,1.21,0.313,
Transit,26.723,,0.019,,1.21,0.232,
Transit,49.3568,,,,1.21,0.184,
Transit,4.72673978,0.053,0.01265,,0.91,0.132,6.88
Radial Velocity,1460,,3,,0.91,,
Transit,2.50806,,0.034,,0.81,0.313,1.45
Radial Velocity,820.3,,9.836,,0.81,,
Transit,11.5231,,0.041,,1.08,0.305,1.71
Transit,16.2385,,0.027,,1,0.238,2.26
Transit,2.58664,,0.011,,0.94,0.132,5.44
Radial Velocity,789,,1.08,,0.94,,
Transit,1.54168,,0.011,,0.99,0.178,2.18
Transit,4.60358,,0.019,,0.79,0.132,10.9
Transit,3.91405,0.0464,0.81,2000,0.87,0.89,1.4
Microlensing,,0.62,0.01,1000,0.06,,
Microlensing,,0.72,0.83,5800,0.3,,
Microlensing,,1.25,0.23,6000,0.67,,
Microlensing,,3.3,4.1,3300,0.56,,
Microlensing,2774,3.2,0.033,3040,0.56,,
Microlensing,,2.4,0.16,6100,0.38,,
Microlensing,1982,1.82,2.56,5690,0.19,,
Microlensing,,1.21,11,2800,0.16,,
Microlensing,,0.92,0.02895,810,0.11,,
Microlensing,,2,1.5,2300,0.67,,
Microlensing,,0.84,0.05663,7000,0.12,,
Microlensing,,1.1,4.8,7720,0.86,,
Microlensing,,4.3,11.6,7560,0.39,,
Microlensing,,8.3,3.7,5100,0.75,,
Radial Velocity,121.71,,1.54,,1.35,,
Radial Velocity,6.958,,0.34,,1.01,,
Radial Velocity,5.118,,0.4,,0.96,,
Radial Velocity,677.8,2.38,19.8,2200,3.9,,
Eclipse Timing Variations,5573.55,5.35,7.33,500,0.54,,
Eclipse Timing Variations,2883.5,3.43,2.3,500,0.54,,
Eclipse Timing Variations,2985.7,,2.78,,,,
Microlensing,,3,1.5,5200,0.36,,
Microlensing,,3.5,0.04436,4100,0.69,,
Microlensing,3285,2.6,0.017,6600,0.22,,
Microlensing,,3.6,3.8,3200,0.46,,
Microlensing,1788.5,2.3,0.73,1510,0.51,,
Microlensing,4927.5,4.5,0.27,1510,0.51,,
Microlensing,,3.3,0.06,5900,0.64,,
Microlensing,,1.7,4.6,6800,0.37,,
Microlensing,,18,0.18,8100,0.71,,
Microlensing,,2.72,0.53,2570,0.26,,
Microlensing,,1.89,0.88,4380,0.21,,
Microlensing,,0.9,0.39,1300,0.34,,
Microlensing,,3.82,0.11,4080,0.82,,
Microlensing,,4.63,0.68,4080,0.82,,
Microlensing,,0.87,1.85,1760,0.02,,
Microlensing,,3.45,2.73,4970,0.44,,
Microlensing,,0.34,0.00217,490,0.03,,
Microlensing,,0.8,12.569,3040,0.1,,
Microlensing,,0.883,0.0073,1161,0.15,,
Microlensing,,3.11,0.51,4100,0.71,,
Transit,1.2119189,0.02383,1.39,,1.23,1.363,0.68
Transit,3.101278,0.0434,0.62,,1.14,1.25,0.4
Transit,4.0161,0.04689,0.55,,0.85,1.051,0.59
Transit,1.4324752,0.02289,1.26,600,0.78,1.093,1.2
Transit,1.689868,0.03035,1.18,2500,1.3,1.2,0.85
Transit,3.9791,0.051,1.01,,1.14,1.13,
Transit,3.67724,0.051,1.03,,1.33,1.36,
Transit,2.4855335,0.0308,4.5,,1.52,1.61,
Imaging,730000,,21,,,,
Transit,138.317,0.652,0.531,1000,1.53,0.551,
Transit,282.5255,0.828,,,0.94,0.903,
Transit,3.1606296,0.03734,2.31,1200,0.69,0.941,
Pulsar Timing,25.262,0.19,0.00006,600,,,
Pulsar Timing,66.5419,0.36,0.01353,600,,,
Pulsar Timing,98.2114,0.46,0.01227,600,,,
Pulsar Timing,,23,2.5,,,,
Pulsar Timing,0.09070629,0.0044,1.2,1200,1.4,,23
Radial Velocity,4.4264,,0.54,,1.23,,
Radial Velocity,2.1451,,1.844,,0.95,,
Transit,1.42002406,0.02298,1.275,,0.8,1.136,1.2
Transit,1.33711647,0.02153,2.494,,0.74,1.254,1.573
Imaging,,210,16,120,0.87,,
Imaging,,157,9,135,1,,
Eclipse Timing Variations,4343.5,5.3,4.2,,0.44,,
Imaging,,1168,6.28536,11.43,,1.22,
Imaging,,,13,,,,
Transit,1.796,0.03,9.7,8500,1.1,1.13,
Transit,4.2,0.055,3.8,8500,1.24,0.81,
Radial Velocity,198.4,0.69,2.5,759,1.15,,
Radial Velocity,559.3,1.37,10,759,1.15,,
Transit,3.030065,0.03925,0.752,150,0.88,1.067,0.769
Transit,2.47061317,0.0367,1.197,213,0.98,1.247,0.8
Transit,1.30618581,0.02282,1.91,228,0.93,1.336,0.994
Transit,3.553945,0.05091,0.919,492,1.4,1.799,0.209
Transit,1.48224686,0.02459,1.79,360,0.9,1.194,1.31
Imaging,,670,14,,0.06,,
Eclipse Timing Variations,5840,5.9,6.3,,0.7,,
Eclipse Timing Variations,1916.25,2.8,7.7,,0.7,,
Pulsation Timing Variations,1170,1.7,3.2,1400,0.5,,
Imaging,,102,11.2,12.7,0.07,,
Transit,2.5199454,0.03889,0.854,408,1.3,1.483,0.348
Transit,3.0927616,0.03781,3.15,90,0.75,1.08,4.14
Transit,2.849375,0.0457,2.03,,1.57,1.69,0.53
Transit,3.585722,0.0506,0.5,,1.34,1.41,0.24
Transit,0.925542,0.01985,1.49,470,1.22,1.528,0.55
Transit,1.7554137,0.02918,1.272,143,1.08,1.137,1.074
Transit,9.289715,0.0917,1.925,283,1.19,1.085,1.86
Transit,3.7224747,0.0435,0.487,121.7,0.83,1.005,0.594
Transit,10.02165,0.09459,0.2755,,1.13,1.021,0.3445
Transit,1.091423,0.0229,1.41,,1.35,1.79,0.24
Transit,4.353011,0.05362,0.477,155,1.09,1.389,0.222
Transit,2.243752,0.036,7.341,160,1.21,1.281,4.656
Transit,3.7520656,0.0499,0.542,,1.18,1.428,0.247
Transit,3.1186009,0.0421,0.855,,1.02,1.008,1.104
Transit,3.7354417,0.051,0.49,400,1.2,1.74,0.122
Transit,0.94145299,0.02026,10.43,105.49,1.28,1.165,8.78
Transit,0.78884,0.01655,1.168,250,0.94,1.386,0.583
Transit,2.152226,0.03138,0.915,166,0.89,1.071,0.92
Transit,4.8996284,0.06,0.311,210,1.2,1.462,0.132
Transit,4.322482,0.052,0.3,242,0.89,1.07,0.32
Transit,3.5327313,0.04698,0.588,300,1.11,1.158,0.503
Transit,2.9444256,0.0376,0.884,,0.78,0.962,
Transit,2.34121242,0.03651,1.071,,1.18,1.3,0.648
Transit,3.764825,0.0473,0.58,,1,1.22,0.422
Transit,2.7566004,0.03985,1.028,250,1.11,1.281,0.649
Transit,3.40883,0.04469,0.907,410,1.02,1.213,0.676
Transit,3.922727,0.0457,0.244,70,0.82,0.792,0.65
Transit,1.846835,0.03151,1.76,220,1.24,1.29,1.037
Transit,3.4059096,0.04659,0.478,360,1.16,1.549,0.172
Transit,2.718659,0.0394,3.6,,1.1,1.18,2.926
Transit,1.2198669,0.02555,4.1,116.14,1.5,1.497,
Transit,4.3176782,0.0524,0.59,120,1.01,1.22,0.45
Transit,3.161575,0.04317,0.72,,1.07,1.32,0.426
Transit,1.5373653,0.02643,2.303,450,1.04,1.281,1.458
Transit,3.577469,0.0446,1.8,343,0.93,1.16,1.53
Transit,6.871815,0.07522,2.691,110,1.2,1.094,2.74
Transit,4.055259,0.0486,0.28,230,0.93,1.27,0.186
Transit,1.33823251,,1.216,300,0.89,1.33,
Transit,3.052404,0.04,0.94,180,0.93,1.18,0.74
Radial Velocity,421,1.07,3.18,180,0.93,,
Transit,4.9816872,0.0548,0.5,160,0.88,1.08,0.528
Transit,0.813475,0.0142,1.78,80,0.58,0.93,2.939
Transit,2.4238039,0.03473,0.889,,0.95,1.14,0.811
Transit,3.1260876,0.04054,1.007,,0.91,1.16,0.851
Transit,1.43037,0.02448,2.101,,0.96,1.31,1.25
Transit,4.1591287,,1.0729,200,1.04,1.139,
Radial Velocity,572,1.36,1.24,200,1.04,,
Transit,9.03081,,0.04782,200,1.04,0.324,
Transit,0.789597,,0.06922,200,1.04,0.163,
Transit,2.14363544,0.0332,0.907,,1.06,1.396,0.415
Transit,2.7817387,0.0379,0.378,170,0.94,1.115,0.363
Transit,1.6284279,0.0267,1.58,300,0.96,1.087,1.64
Transit,1.9550959,0.02945,1.468,230,0.89,1.153,1.274
Transit,1.7497798,0.0272,0.46,140,0.87,1.27,0.29
Transit,3.6936411,0.04987,0.636,200,1.21,1.653,0.188
Transit,4.465633,0.0533,0.57,330,1.01,1.3,0.346
Transit,4.617101,0.05458,0.571,255,1.02,1.092,0.583
Transit,2.83891856,0.03769,0.644,455,0.89,1.05,0.693
Transit,5.01718,0.0561,0.89,300,0.94,1.37,0.45
Transit,7.919585,0.0697,0.863,125,0.72,0.775,2.4
Transit,3.36100208,0.0414,0.485,,0.84,1.23,0.325
Transit,4.3050011,0.0531,0.514,400,1.08,0.86,1.1
Transit,3.8559,0.0514,2.06,480,1.22,1.24,1.423
Transit,4.411953,0.0567,0.57,160,1.25,1.39,0.279
Transit,4.37809,0.0574,0.38,330,1.32,1.43,0.173
Transit,1.5732918,0.02648,1.271,350,1,1.271,0.823
Transit,2.3114243,0.0334,1.55,310,0.93,1.112,1.5
Transit,4.086052,0.0546,2.32,380,1.3,1.39,1.144
Transit,4.61442,0.0517,0.42,225,0.87,1.4,0.213
Transit,5.084298,0.06206,0.95,,1.24,1.24,0.665
Transit,3.8681382,0.04525,0.26,50,0.83,1.057,0.291
Transit,4.954658,0.0618,0.96,140,1.28,1.33,0.545
Transit,3.7130203,0.04853,0.59,245,1.11,1.164,0.499
Transit,2.9036747,0.04619,2.242,345,1.56,1.46,0.94
Transit,2.2167421,0.03708,1.5461,340,1.39,1.27,0.96
Transit,4.08722,0.05512,1.88,,1.34,1.16,1.596
Transit,2.13775,0.037,0.95,120,1.48,1.56,0.33
Transit,2.484193,0.0375,1.07,260,1.14,1.27,0.69
Transit,1.3600309,0.024,1.76,93,1,1.21,1.33
Transit,2.17517632,0.0362,0.89,550,1.17,1.7,0.2394
Transit,3.6623866,0.0535,0.9,240,1.38,2.09,0.13
Transit,8.158715,0.0801,2.244,87,1.03,1.038,
Radial Velocity,4323,5.28,9.45,87,1.03,,
Transit,3.06785234,0.0344,0.538,60,0.58,0.999,0.717
Transit,2.705785,0.0448,1.25,,1.64,1.71,0.33
Transit,4.971252,0.059,0.3,300,1.11,1.04,0.35
Transit,8.5234865,0.0771,0.694,125,0.84,0.942,1.104
Transit,4.954,0.06431,0.56,,1.45,1.7,0.146
Transit,3.3564227,0.0427,5.9,,0.92,1.04,7
Transit,3.9501907,0.055,0.452,180,1.45,1.72,0.118
Radial Velocity,2.00839,0.0335,0.618,180,1.24,,
Transit,2.184673,0.03416,1.13,,1.11,1.21,1.13
Transit,3.4252602,0.0453,0.48,,1.06,1.2,0.37
Transit,2.07276,0.03303,1.32,,1.12,1.13,1.21
Transit,2.96264,0.036,0.83,,0.69,1.1,0.84
Transit,5.75251,0.0717,2.78,,1.48,1.1,2.79
Imaging,,2500,7.5,19.2,0.62,,
Imaging,,8,22,10.1,0.03,0.934,
Transit,3.352057,0.047,4.01,3200,1.2,1.49,1.61
Transit,1.0187068,0.01855,1.12,1000,0.82,1.363,0.54
Transit,3.94150685,0.049,0.92,172,1.03,1.21,0.64
Transit,2.61585922,0.03673,0.597,145.5,0.97,1.019,0.7
Radial Velocity,18.157,0.1344,0.259,148,0.98,,
Radial Velocity,120.8,0.4756,1.37,148,0.98,,
Transit,3.1915239,0.0454,11.79,174,1.21,1.217,8.1
Transit,4.1250828,,1.78,293,1.32,1.33,
Transit,4.1877558,0.0515,1.19,260,1.04,1.14,1.06
Radial Velocity,380.8,1.2,1.8,20.21,1.5,,
Radial Velocity,628.96,1.46,6.47,20.43,1.13,,
Radial Velocity,605.2,1.7,7.8,89.05,1.7,,
Imaging,7482.5,9.04,,19.28,,,
Radial Velocity,522.3,1.4,6.1,38.78,1.4,,
Radial Velocity,417.9,1.3,6.7,70.42,1.7,,
Radial Velocity,2502,3.39,1.55,3.21,0.83,,
Radial Velocity,594.9,1.93,7.6,47.53,2.7,,
Radial Velocity,428.5,1.19,8.78,38.52,1.23,,
Radial Velocity,903.3,2.05,1.85,13.79,1.4,,
Imaging,,55,13.616,52.03,2.6,,
Radial Velocity,1261.94,2.8,2,30.5,1.47,,
Radial Velocity,357.8,1.1,2.4,40.78,1.5,,
Radial Velocity,530.32,1.9,24,46.84,3.04,,
Radial Velocity,3186,6.1,27,46.84,3.04,,
Radial Velocity,277.02,1.1,1.7,80.64,2.17,,
Radial Velocity,187.83,0.83,1.5,84.03,2.13,,
Radial Velocity,1630,3.9,4.1,56.31,3.09,,
Radial Velocity,3.3124568,0.049,4.32,15.6,1.34,,
Radial Velocity,305.5,1.17,20.6,92.51,2.3,,
Radial Velocity,4.617033,0.059222,0.6876,13.47,,,
Radial Velocity,241.258,0.827774,1.981,13.47,,,
Radial Velocity,1276.46,2.51329,4.132,13.47,,,
Radial Velocity,3848.86,5.24558,1.059,13.47,,,
Radial Velocity,136.75,0.68,2.8,62.66,2.2,,
